trace_index,baseline_trace,avg_no,avg_with,gain,n,avg_prefix_len,baseline_len
0,0 5 3 1 0 8 28 5 25 0 8 9 10 12 3 5 5 24 0 5 0 27 0 30 5 12 5 10 7 4 24 3 6 13 8 14 5 15 5 16 0 4 6 8 7 12 10 19 20 31 23,0.45126,0.9057,0.45443999999999996,50,25.5,51.0
1,0 1 10 12 7 13 14 15 0 25 12 3 5 7 10 35 6 8 13 14 13 14 16 0 7 5 0 5 0 5 8 27 17 19 18 5 20 21 5 19 20 21 5 0 19 5 20 31 23,0.48616666666666664,0.9389791666666666,0.45281249999999995,48,24.5,49.0
2,0 17 5 0 5 25 1 8 3 0 11 5 6 8 0 4 5 3 25 28 11 27 33 24 5 7 5 9 10 5 0 6 5 4 26 0 10 13 5 14 16 0 7 0 1 19 20 31 23,0.36947916666666664,0.8055,0.43602083333333336,48,24.5,49.0
3,0 5 9 7 10 12 0 5 10 27 35 6 34 0 1 7 12 25 5 5 10 32 33 5 11 8 35 6 0 3 5 35 6 8 10 5 7 5 12 17 18 5 30 13 29 14 16 0 7 35 8 6 4 26 19 20 31 23,0.4134912280701754,0.8391228070175438,0.4256315789473684,57,29.0,58.0
4,0 26 8 7 6 28 33 25 10 12 1 5 13 2 3 14 24 16 0 3 5 9 7 0 8 7 5 12 10 0 27 5 10 12 19 20 31 5 23,0.42589473684210527,0.8493421052631579,0.42344736842105263,38,19.5,39.0
5,0 6 5 12 7 5 0 5 5 6 1 4 3 24 5 0 1 5 4 5 26 17 35 8 6 5 0 5 12 25 28 33 5 0 5 12 24 27 3 7 5 6 8 0 12 35 8 6 10 26 13 5 14 5 16 0 0 29 19 20 31 23,0.42454098360655734,0.8465573770491803,0.422016393442623,61,31.0,62.0
6,0 25 0 12 17 5 10 5 18 11 0 4 5 24 3 0 5 7 4 5 0 27 5 1 12 5 3 5 10 24 13 5 14 15 13 14 15 16 0 12 10 19 20 31 5 0 25 1 3 6 19 8 20 31 23,0.5347407407407407,0.9557777777777778,0.4210370370370371,54,27.5,55.0
7,0 12 0 5 0 0 5 1 2 3 0 5 7 6 26 5 4 8 5 0 10 5 5 6 17 5 8 27 30 32 34 13 14 16 0 6 12 7 10 0 8 10 19 12 20 7 21 23,0.47648936170212763,0.8958085106382979,0.4193191489361703,47,24.0,48.0
8,0 3 10 12 1 5 0 7 4 35 8 26 0 24 6 12 7 5 10 13 14 15 13 14 16 0 5 0 6 5 7 17 10 5 12 28 5 25 33 11 0 0 3 33 19 11 20 5 5 31 19 5 20 31 23,0.43383333333333335,0.8527777777777777,0.4189444444444444,54,27.5,55.0
9,0 7 4 26 10 12 34 3 6 8 0 12 3 24 1 7 5 10 11 32 33 13 14 16 0 10 2 3 24 17 5 18 25 28 1 4 8 26 19 20 21 23,0.46204878048780484,0.8797317073170733,0.41768292682926844,41,21.0,42.0
10,0 17 5 0 8 29 5 30 0 8 5 1 2 3 5 0 7 1 5 3 29 5 35 8 30 0 12 5 1 35 6 3 5 0 5 4 3 6 5 8 17 13 14 16 0 8 5 27 34 0 1 5 0 12 19 5 5 20 21 23,0.500406779661017,0.9144237288135594,0.4140169491525424,59,30.0,60.0
11,0 1 7 10 0 1 10 12 4 26 0 1 6 12 7 10 3 24 4 5 13 26 14 15 16 0 8 5 28 25 0 0 0 7 17 5 19 20 5 31 23,0.4577,0.86485,0.40715,40,20.5,41.0
12,0 25 1 12 7 33 4 11 0 8 11 5 33 9 7 3 12 26 10 4 13 14 16 0 10 7 6 1 8 2 3 5 19 24 20 31 23,0.4925,0.8976111111111111,0.40511111111111114,36,18.5,37.0
13,0 26 8 10 34 6 7 28 25 5 1 12 3 13 24 14 15 13 14 16 0 10 29 8 30 19 20 22 0 3 19 20 31 23,0.47042424242424247,0.8734242424242424,0.40299999999999997,33,17.0,34.0
14,0 17 5 28 25 5 0 0 5 5 8 3 24 27 34 5 0 6 1 5 30 29 5 24 3 26 5 0 5 25 7 5 5 10 1 13 3 24 14 13 14 16 0 1 35 6 19 8 20 31 19 20 31 23,0.4810188679245283,0.878132075471698,0.3971132075471697,53,27.0,54.0
15,0 5 26 1 10 3 5 24 5 0 5 0 5 1 11 33 0 5 7 5 1 3 4 26 5 0 10 3 7 5 5 12 17 25 18 0 12 3 24 7 5 5 10 13 14 16 0 1 0 0 10 8 4 6 5 19 20 5 22 23,0.515,0.9116101694915254,0.3966101694915254,59,30.0,60.0
16,0 4 5 5 7 12 10 8 6 0 3 24 4 5 26 5 27 0 3 1 8 5 6 0 5 17 5 1 26 5 3 7 35 8 10 12 13 14 13 14 5 16 0 10 4 5 26 25 28 19 20 31 19 20 31 23,0.4665636363636364,0.8613272727272727,0.3947636363636363,55,28.0,56.0
17,0 1 30 5 29 0 6 7 13 5 14 5 15 0 17 0 4 1 5 29 5 3 24 0 4 5 35 8 5 6 2 3 12 24 5 0 6 12 4 13 14 5 5 15 16 0 7 1 2 3 19 20 31 0 30 8 19 6 20 22 23,0.4712,0.8643333333333333,0.3931333333333333,60,30.5,61.0
18,0 33 6 8 0 1 2 3 10 24 12 7 4 29 26 5 30 13 14 13 14 16 0 19 5 20 22 0 4 27 5 34 0 12 1 5 3 0 3 17 19 18 5 20 22 5 23,0.48782608695652174,0.8794347826086957,0.39160869565217393,46,23.5,47.0
19,0 5 0 33 0 5 5 12 6 8 4 26 5 0 4 35 6 35 8 5 5 17 26 1 5 0 12 25 28 5 5 35 8 10 6 27 34 0 10 33 3 5 24 7 11 5 13 5 14 16 0 1 28 25 19 20 22 23,0.43724561403508777,0.8287017543859648,0.39145614035087706,57,29.0,58.0
20,0 12 5 8 5 1 6 30 29 5 0 25 10 5 12 5 0 3 10 5 8 12 4 5 5 26 7 24 1 0 26 6 8 4 5 13 5 5 14 13 14 16 0 12 25 4 26 5 32 33 19 11 20 31 19 20 31 23,0.47871929824561404,0.8691929824561403,0.39047368421052625,57,29.0,58.0
21,0 7 4 26 0 3 6 26 29 4 12 1 9 7 13 10 5 14 15 13 14 16 0 4 6 35 8 7 10 19 20 31 0 1 6 9 10 8 7 19 20 22 23,0.5307857142857143,0.9180238095238096,0.38723809523809527,42,21.5,43.0
22,0 27 0 0 17 3 5 24 5 0 3 5 1 5 7 29 12 30 5 13 14 15 16 0 6 5 0 7 5 1 3 0 8 5 1 3 5 17 18 5 0 27 4 3 5 26 8 19 5 20 22 5 23,0.5324038461538462,0.9193461538461538,0.38694230769230764,52,26.5,53.0
23,0 12 0 6 5 7 1 3 0 1 27 5 34 5 0 7 25 28 6 3 5 8 5 12 26 5 13 5 4 14 16 0 33 5 0 10 8 5 6 5 0 17 10 5 5 12 27 34 5 0 7 12 5 5 19 20 21 23,0.4864736842105263,0.8716491228070175,0.38517543859649117,57,29.0,58.0
24,0 10 7 0 25 1 7 8 10 12 0 6 26 5 3 1 25 28 7 10 24 4 13 14 16 0 7 1 2 3 0 3 4 19 20 22 23,0.4615,0.8464722222222222,0.38497222222222216,36,18.5,37.0
25,0 4 1 35 8 35 6 32 33 7 11 10 3 24 12 13 14 5 16 0 5 10 7 5 0 5 10 26 4 5 0 10 17 18 1 5 25 5 27 19 20 5 21 23,0.5173953488372093,0.9006976744186046,0.3833023255813953,43,22.0,44.0
26,0 3 5 0 6 1 5 3 0 6 5 28 0 3 7 4 5 10 17 5 1 18 12 5 0 6 0 5 4 6 7 5 8 5 12 13 14 15 16 0 12 5 3 26 4 30 10 29 6 19 8 20 21 23,0.5549811320754717,0.9374150943396227,0.38243396226415094,53,27.0,54.0
27,0 5 8 1 7 3 13 24 5 14 5 0 1 10 5 12 5 0 17 5 0 27 5 1 3 5 0 1 25 6 5 8 5 33 11 13 14 15 5 16 0 26 27 5 34 19 5 20 31 5 0 1 5 0 5 8 6 17 18 19 20 31 5 23,0.4656666666666667,0.8465396825396826,0.3808730158730159,63,32.0,64.0
28,0 26 8 5 6 0 27 17 5 18 5 29 30 0 26 5 0 1 0 26 5 2 3 10 1 5 12 7 0 8 0 10 7 5 1 2 3 13 14 5 15 16 0 12 7 10 6 1 35 8 5 3 19 20 22 23,0.5121454545454546,0.8920363636363636,0.37989090909090906,55,28.0,56.0
29,0 6 11 33 8 7 10 0 7 6 8 4 26 24 3 5 10 12 25 28 1 13 14 16 0 3 7 5 10 17 18 27 5 32 34 5 0 25 10 5 12 5 0 19 20 22 5 23,0.509531914893617,0.8890851063829787,0.3795531914893616,47,24.0,48.0
30,0 8 0 29 12 5 7 0 5 25 26 4 1 5 3 30 8 29 5 0 5 27 1 29 30 5 0 10 3 24 27 7 5 5 11 28 33 13 14 5 5 15 16 0 18 12 7 19 20 22 23,0.41794,0.79732,0.37938000000000005,50,25.5,51.0
31,0 25 9 7 5 10 0 1 5 27 4 26 0 8 5 0 5 10 35 6 5 4 26 5 12 18 7 8 17 13 5 14 16 0 8 17 5 18 5 27 34 0 5 4 8 6 5 0 5 4 5 17 7 19 20 31 23,0.4851964285714286,0.8624285714285714,0.37723214285714285,56,28.5,57.0
32,0 30 18 17 5 3 5 35 6 12 8 0 3 5 0 10 5 5 29 35 6 30 27 1 34 26 0 29 17 8 5 18 7 1 5 13 5 14 5 13 14 15 16 0 30 35 8 4 6 5 19 20 31 19 20 31 23,0.4933571428571429,0.8684285714285714,0.37507142857142856,56,28.5,57.0
33,0 28 4 1 2 3 0 25 7 28 10 35 8 12 3 24 0 8 26 4 35 6 30 29 13 14 16 0 11 5 10 12 24 0 3 9 7 5 28 25 5 0 10 17 5 18 19 5 20 21 23,0.43656,0.8093600000000001,0.3728000000000001,50,25.5,51.0
34,0 3 0 8 25 5 27 32 34 5 0 5 35 6 8 7 10 5 0 30 9 10 2 3 5 12 7 35 6 5 5 8 25 28 5 0 17 1 13 14 15 5 5 13 14 13 14 15 5 16 0 5 4 3 35 8 6 10 7 19 20 22 19 20 21 19 20 31 23,0.4785441176470588,0.8509264705882353,0.37238235294117655,68,34.5,69.0
35,0 5 0 10 26 5 4 0 6 5 25 5 2 3 17 18 5 0 5 5 1 12 35 6 8 7 10 0 5 7 27 5 26 1 4 13 14 16 0 5 0 27 5 0 6 0 30 10 11 5 12 5 5 7 19 20 21 23,0.4870526315789474,0.8586842105263158,0.3716315789473684,57,29.0,58.0
36,0 26 0 7 24 3 18 17 30 29 1 8 6 0 7 5 8 6 3 9 10 12 24 13 14 15 16 0 1 11 25 33 26 0 3 19 20 22 23,0.42926315789473685,0.8003947368421053,0.3711315789473684,38,19.5,39.0
37,0 6 5 35 8 5 27 26 4 12 7 5 0 5 10 4 26 0 25 5 10 3 24 5 7 17 18 5 0 1 5 12 13 7 14 5 16 0 5 18 17 0 12 27 5 5 4 29 30 5 0 1 5 28 19 5 25 20 22 23,0.5063220338983051,0.8774406779661017,0.3711186440677966,59,30.0,60.0
38,0 12 5 0 17 3 5 24 5 27 34 5 0 5 5 12 7 27 9 10 30 29 1 3 4 5 24 13 14 5 13 14 15 5 0 25 5 28 13 5 14 16 0 1 4 5 3 10 24 19 20 21 19 20 21 19 20 31 23,0.4794137931034483,0.8503620689655172,0.37094827586206897,58,29.5,59.0
39,0 5 0 7 4 26 5 5 8 3 6 0 7 10 27 5 12 3 6 5 8 5 0 5 10 6 8 5 0 5 7 10 17 12 26 5 1 4 5 3 13 14 16 0 10 29 30 8 6 19 20 31 23,0.43415384615384617,0.8041730769230769,0.37001923076923077,52,26.5,53.0
40,0 8 0 8 0 5 0 8 5 0 3 17 8 18 5 7 10 5 12 0 24 12 1 5 9 7 3 5 10 0 29 10 7 12 5 13 14 5 16 0 4 10 35 8 7 3 2 24 19 20 22 23,0.443156862745098,0.8123725490196078,0.36921568627450974,51,26.0,52.0
41,0 0 12 1 3 6 7 5 10 5 4 26 0 4 5 0 25 9 10 5 5 17 18 7 12 0 3 1 17 18 5 28 25 9 7 35 6 12 5 5 8 5 0 10 5 3 24 13 5 14 16 0 8 7 10 3 24 33 0 8 6 19 20 31 23,0.426671875,0.79584375,0.369171875,64,32.5,65.0
42,0 5 1 4 0 5 6 10 1 12 5 17 7 8 5 0 0 5 12 10 1 5 0 7 8 1 13 3 5 14 15 5 5 13 14 15 13 5 14 15 16 0 4 28 19 25 20 21 0 4 8 6 19 20 22 19 20 21 23,0.5237758620689655,0.8916724137931035,0.36789655172413793,58,29.5,59.0
43,0 3 7 10 0 8 12 4 7 10 1 3 0 8 35 6 26 9 10 30 12 4 13 14 16 0 4 7 3 10 12 0 28 8 30 19 29 20 31 23,0.5040512820512821,0.871025641025641,0.3669743589743588,39,20.0,40.0
44,0 6 4 26 25 28 7 10 0 1 29 30 12 13 5 7 9 10 14 13 14 16 0 12 5 7 10 5 0 19 20 5 22 5 0 8 0 5 1 5 6 30 35 8 27 34 19 20 31 5 23,0.50202,0.86894,0.36692,50,25.5,51.0
45,0 1 2 3 24 12 7 0 1 3 10 24 4 6 25 7 8 13 14 5 13 14 16 0 1 35 8 4 12 35 6 30 27 7 34 19 5 20 22 19 20 21 23,0.4628095238095238,0.8292142857142857,0.3664047619047619,42,21.5,43.0
46,0 1 7 10 12 4 26 28 13 25 14 0 12 11 5 30 1 29 6 28 25 8 13 14 13 14 16 0 7 6 8 19 20 21 19 20 22 0 3 12 19 7 20 10 31 23,0.4909777777777778,0.856488888888889,0.3655111111111112,45,23.0,46.0
47,0 5 10 17 0 0 5 1 25 28 5 0 8 1 6 3 4 5 26 5 25 5 0 4 5 1 3 5 6 8 27 32 34 5 0 8 7 5 13 10 12 5 14 16 0 3 24 25 6 0 6 30 29 19 20 21 23,0.5152321428571429,0.8806785714285714,0.3654464285714285,56,28.5,57.0
48,0 5 0 4 5 35 6 8 5 0 5 10 29 30 1 5 3 0 29 10 35 8 12 5 11 5 7 17 0 26 3 4 7 10 5 8 5 27 6 5 5 13 14 15 16 0 7 0 6 30 29 19 20 22 23,0.42724074074074075,0.7919814814814815,0.36474074074074075,54,27.5,55.0
49,0 6 4 3 12 7 10 26 24 1 13 14 15 5 16 0 5 12 25 0 8 12 5 7 10 5 0 17 27 5 7 34 5 0 5 1 5 19 20 31 23,0.439325,0.8037750000000001,0.3644500000000001,40,20.5,41.0
50,0 6 0 7 5 4 26 0 0 5 0 6 5 0 25 17 5 18 8 6 5 1 3 0 1 6 10 5 5 5 2 3 12 7 8 13 14 16 0 7 3 1 5 24 25 8 4 35 6 19 20 21 23,0.551076923076923,0.9148076923076923,0.3637307692307693,52,26.5,53.0
51,0 1 10 12 8 4 26 3 24 5 6 7 13 14 13 14 16 0 5 0 19 5 20 31 0 7 29 30 19 20 5 22 5 23,0.5142727272727273,0.8771515151515152,0.3628787878787879,33,17.0,34.0
52,0 11 7 12 10 0 10 4 26 0 1 33 26 6 4 13 14 15 13 5 14 16 0 27 5 0 0 11 19 5 5 20 31 19 20 21 23,0.5307499999999999,0.8933333333333332,0.36258333333333326,36,18.5,37.0
53,0 1 5 26 10 4 17 11 5 33 5 0 11 5 1 5 0 1 0 27 0 10 0 25 12 5 2 3 7 10 13 5 14 15 5 5 13 14 13 14 16 0 12 1 19 5 20 5 21 5 0 8 4 26 5 19 5 20 22 0 27 19 20 31 5 5 23,0.45962121212121215,0.8221515151515152,0.36253030303030304,66,33.5,67.0
54,0 5 1 12 5 25 7 10 5 0 6 0 5 10 12 7 4 5 26 17 18 0 7 11 8 32 33 5 3 13 5 14 5 0 30 5 13 14 13 14 5 15 16 0 10 0 4 8 19 6 5 20 21 19 20 31 19 20 31 23,0.5184576271186441,0.8803559322033899,0.36189830508474585,59,30.0,60.0
55,0 7 11 3 33 12 1 4 13 14 5 15 13 14 15 0 8 33 11 6 10 12 9 7 25 5 13 14 16 0 5 7 10 0 1 5 17 19 5 18 20 22 5 0 27 19 20 31 5 5 19 20 31 23,0.45316981132075473,0.8147358490566037,0.36156603773584894,53,27.0,54.0
56,0 25 30 3 29 8 0 8 3 28 12 7 10 24 26 4 0 11 4 5 30 26 3 33 1 13 14 15 16 0 4 12 1 7 10 19 20 22 23,0.4585789473684211,0.82,0.36142105263157887,38,19.5,39.0
57,0 10 8 35 6 12 7 0 3 26 25 4 7 10 1 0 7 8 3 6 4 10 26 13 14 5 15 16 0 3 5 1 12 24 4 25 26 10 19 20 31 23,0.4659512195121951,0.8267073170731708,0.3607560975609757,41,21.0,42.0
58,0 1 26 8 5 4 6 12 11 33 10 7 13 14 16 0 27 10 33 5 12 5 7 5 0 8 5 26 17 4 0 5 19 20 22 23,0.46448571428571434,0.8228000000000001,0.35831428571428575,35,18.0,36.0
59,0 6 5 0 5 3 17 18 5 0 25 5 7 10 0 5 12 26 6 8 0 5 8 12 5 1 3 7 24 10 0 6 27 30 29 4 1 26 3 13 24 5 14 5 5 5 16 0 8 7 9 10 35 6 12 34 19 27 20 5 31 23,0.4836885245901639,0.8414262295081967,0.35773770491803275,61,31.0,62.0
60,0 1 5 0 30 12 33 1 5 11 5 7 10 17 5 18 0 33 6 8 7 1 5 5 10 12 0 3 28 25 5 1 4 5 5 13 26 14 16 0 27 0 26 5 0 1 5 17 18 5 0 5 8 7 11 10 1 12 25 19 28 5 5 5 20 22 23,0.5141212121212122,0.8718484848484849,0.35772727272727267,66,33.5,67.0
61,0 4 17 5 18 0 3 5 30 29 5 0 25 5 5 17 6 18 2 24 3 12 0 6 10 12 5 5 33 7 5 0 5 7 35 8 0 1 9 10 6 5 5 12 7 5 27 13 14 16 0 25 0 6 3 8 2 24 26 4 19 20 21 23,0.5083809523809524,0.8655396825396826,0.35715873015873023,63,32.0,64.0
62,0 10 0 6 5 27 5 12 26 9 7 4 5 0 17 35 6 5 8 0 6 26 7 5 4 5 0 1 5 6 8 13 5 14 0 5 0 5 1 25 7 28 4 6 26 35 8 5 5 13 14 16 0 25 3 28 24 4 19 26 20 5 22 19 20 31 23,0.5061212121212122,0.8632727272727273,0.3571515151515151,66,33.5,67.0
63,0 7 5 27 5 0 8 5 0 7 4 6 5 26 0 28 9 7 10 4 5 5 26 0 5 6 35 8 5 12 7 25 1 28 26 5 13 14 13 14 5 16 0 3 17 7 18 19 20 5 21 19 20 31 23,0.49753703703703706,0.8546481481481482,0.3571111111111111,54,27.5,55.0
64,0 5 35 6 12 7 4 1 26 3 35 8 10 13 14 13 14 15 16 0 5 19 20 21 5 0 17 5 0 12 0 5 1 4 27 5 19 20 22 23,0.4877948717948718,0.8444615384615384,0.3566666666666666,39,20.0,40.0
65,0 11 4 26 12 8 6 3 24 10 9 7 1 28 13 25 14 5 13 14 16 0 3 7 10 12 1 19 20 22 0 10 19 20 31 23,0.5225428571428572,0.8778,0.3552571428571428,35,18.0,36.0
66,0 4 5 26 0 4 5 0 8 0 7 8 5 6 5 0 17 26 4 1 5 3 10 27 5 12 5 0 4 1 3 30 29 12 5 13 5 7 5 14 10 16 0 12 35 8 6 0 30 1 3 26 4 19 20 22 23,0.4788035714285714,0.8327857142857144,0.35398214285714297,56,28.5,57.0
67,0 26 0 24 3 4 29 10 1 12 7 0 7 13 14 15 13 14 15 16 0 5 7 30 29 3 12 9 10 19 20 21 19 20 21 23,0.5952571428571428,0.9490857142857144,0.3538285714285716,35,18.0,36.0
68,0 4 26 2 3 0 10 7 2 3 1 5 24 30 13 14 13 14 15 13 14 16 0 6 1 4 2 3 26 5 24 19 20 21 19 20 31 19 20 22 23,0.591,0.9435499999999999,0.3525499999999999,40,20.5,41.0
69,0 5 0 0 3 5 10 12 0 10 5 27 17 34 1 5 3 5 0 7 5 4 26 0 6 0 12 5 3 5 13 14 16 0 5 4 25 28 0 6 0 17 5 27 5 0 11 8 5 19 35 6 5 20 22 23,0.5519090909090909,0.9044181818181819,0.352509090909091,55,28.0,56.0
70,0 5 4 8 27 34 5 3 5 0 5 1 8 5 0 5 9 7 12 0 25 12 5 3 5 7 9 10 1 5 0 5 35 6 7 10 5 13 14 15 16 0 4 35 8 12 6 11 33 10 7 19 20 31 5 23,0.5065818181818182,0.8587454545454546,0.35216363636363635,55,28.0,56.0
71,0 7 12 0 6 1 3 33 13 11 14 13 14 0 33 26 25 28 4 35 8 6 13 14 16 0 6 4 26 8 19 20 21 0 1 19 20 22 19 20 31 23,0.5213658536585366,0.8734146341463416,0.35204878048780497,41,21.0,42.0
72,0 3 10 1 12 5 6 5 7 0 10 12 3 5 9 7 5 0 11 2 3 26 5 24 5 0 7 35 8 27 5 34 25 13 5 5 28 14 13 14 16 0 19 20 22 5 0 6 12 7 26 4 19 20 31 23,0.4768909090909091,0.828890909090909,0.3519999999999999,55,28.0,56.0
73,0 5 25 3 24 1 0 5 32 33 25 5 0 1 4 26 5 35 6 7 5 8 0 29 5 6 8 0 26 5 6 8 5 0 27 13 5 14 16 0 5 3 7 10 0 27 17 18 10 5 4 5 26 0 5 19 20 21 23,0.4716551724137931,0.8231724137931035,0.35151724137931034,58,29.5,59.0
74,0 0 5 27 7 10 5 0 3 0 8 7 5 10 6 5 12 3 0 5 8 1 3 26 5 35 6 0 3 4 5 29 5 26 32 34 6 27 5 0 10 13 14 13 5 5 14 16 0 7 19 20 22 19 20 21 23,0.43892857142857145,0.7903035714285714,0.351375,56,28.5,57.0
75,0 12 5 10 33 5 0 4 5 27 34 28 5 25 0 7 0 7 5 28 10 25 0 4 7 17 5 29 5 18 0 1 5 3 11 5 27 13 34 14 15 5 16 0 4 10 19 12 20 7 22 23,0.4464509803921569,0.7975686274509804,0.35111764705882353,51,26.0,52.0
76,0 8 6 30 33 29 0 26 12 7 11 4 33 10 1 5 3 13 14 15 13 14 15 13 14 16 0 7 19 20 21 19 20 22 0 3 7 19 9 10 12 20 22 23,0.5830930232558139,0.9340697674418604,0.3509767441860465,43,22.0,44.0
77,0 3 11 7 32 33 29 30 0 7 1 3 13 14 15 0 1 12 8 7 5 6 25 11 10 33 4 13 14 16 0 29 4 26 12 19 7 10 5 20 22 19 20 31 23,0.5074545454545455,0.8578181818181818,0.3503636363636363,44,22.5,45.0
78,0 27 5 24 0 8 12 5 7 5 1 3 10 5 0 6 8 1 5 3 7 5 33 11 0 3 7 5 5 4 10 8 12 17 18 0 13 5 14 5 13 14 15 16 0 5 5 1 17 18 19 20 31 0 7 0 5 8 19 20 31 5 23,0.5080483870967741,0.8578064516129031,0.349758064516129,62,31.5,63.0
79,0 12 17 18 5 7 30 5 10 0 33 1 3 5 27 13 14 5 15 5 0 4 30 5 7 29 5 18 12 0 10 8 35 6 5 5 13 14 16 0 5 3 17 8 0 5 6 1 3 5 0 4 1 3 12 27 9 7 10 5 5 19 5 20 22 5 19 20 21 23,0.459304347826087,0.8086666666666666,0.34936231884057967,69,35.0,70.0
80,0 1 12 7 11 33 13 14 0 4 8 12 6 7 10 13 14 16 0 12 28 9 7 8 10 0 3 12 10 7 6 19 8 20 22 19 5 20 31 23,0.5222051282051282,0.8699487179487179,0.34774358974358965,39,20.0,40.0
81,0 3 7 10 4 26 0 12 8 3 24 35 6 10 0 4 6 26 5 8 1 13 3 2 24 14 13 14 15 13 14 16 0 4 29 30 5 1 6 25 19 28 20 22 19 20 21 19 20 31 23,0.47536,0.82176,0.34640000000000004,50,25.5,51.0
82,0 12 5 10 30 29 5 0 5 9 7 8 6 0 7 1 25 5 3 17 5 18 5 0 28 5 35 8 35 6 5 0 10 11 33 25 2 3 1 35 8 9 7 6 13 14 15 5 5 5 5 16 0 4 0 12 19 20 22 23,0.47952542372881357,0.8253389830508474,0.34581355932203384,59,30.0,60.0
83,0 26 3 28 12 25 7 10 0 4 10 27 12 34 5 26 1 6 3 7 24 13 14 16 0 8 7 10 28 4 25 12 19 20 5 21 23,0.4168611111111111,0.761888888888889,0.3450277777777778,36,18.5,37.0
84,0 29 5 26 4 0 1 5 3 7 24 0 17 5 3 0 3 5 0 3 8 5 35 6 0 4 5 6 8 5 1 3 24 13 5 5 14 15 13 14 16 0 3 35 6 8 7 1 10 26 19 4 20 21 19 20 31 5 23,0.534051724137931,0.8790344827586207,0.3449827586206897,58,29.5,59.0
85,0 30 3 5 24 5 0 6 12 5 7 5 0 5 5 27 17 18 29 30 0 12 0 33 6 8 5 1 10 5 29 12 7 5 0 13 14 5 16 0 12 0 27 5 25 8 5 3 6 5 0 1 10 17 12 26 5 5 19 4 20 22 5 23,0.500031746031746,0.8449523809523809,0.34492063492063485,63,32.0,64.0
86,0 5 0 1 0 1 5 0 26 5 10 29 30 5 0 5 26 7 27 10 3 12 5 1 0 5 5 35 8 10 12 7 17 13 5 18 14 16 0 6 12 8 7 19 10 20 21 23,0.4496382978723404,0.792,0.34236170212765965,47,24.0,48.0
87,0 17 0 10 5 0 5 27 4 26 35 8 6 11 17 5 5 18 7 10 0 7 5 35 8 5 0 7 0 1 5 30 29 4 5 33 11 0 1 7 5 2 3 10 12 13 14 5 16 0 5 6 3 0 11 17 4 5 18 30 7 29 5 12 0 27 19 20 5 5 31 23,0.4222112676056338,0.7634225352112677,0.34121126760563386,71,36.0,72.0
88,0 8 3 11 2 24 25 28 7 10 0 8 1 13 14 5 0 12 4 1 26 13 14 13 14 16 0 5 33 10 12 19 20 22 19 20 22 19 20 21 23,0.544925,0.8853500000000001,0.3404250000000001,40,20.5,41.0
89,0 4 5 26 12 7 1 35 8 35 6 10 13 14 13 14 15 16 0 8 33 11 5 5 6 19 20 22 0 4 5 0 17 27 34 25 10 5 19 5 5 12 20 7 21 23,0.3983111111111111,0.7386666666666667,0.3403555555555556,45,23.0,46.0
90,0 12 5 7 33 6 4 2 3 26 25 8 28 10 1 24 13 14 13 14 15 16 0 3 12 28 25 7 1 10 19 20 22 5 19 20 21 23,0.5894054054054054,0.9292972972972973,0.33989189189189184,37,19.0,38.0
91,0 11 5 5 27 17 34 28 3 25 6 5 0 8 5 0 6 5 1 4 3 0 7 6 12 5 13 5 14 16 0 10 5 17 18 0 0 5 1 27 3 5 0 26 4 5 7 6 5 19 5 8 20 31 23,0.4783148148148148,0.8181296296296297,0.33981481481481485,54,27.5,55.0
92,0 8 3 24 1 4 26 5 0 6 12 7 10 13 14 16 0 4 25 5 8 28 0 12 0 5 1 25 0 7 27 34 3 24 5 19 5 20 22 5 23,0.463525,0.803275,0.33974999999999994,40,20.5,41.0
93,0 10 0 4 5 12 7 10 0 25 0 7 4 5 26 0 24 4 6 5 27 5 3 34 0 1 3 25 5 28 5 0 33 2 24 7 10 5 4 1 3 13 14 5 15 5 5 13 14 16 0 24 4 26 0 6 32 33 30 11 19 20 22 5 19 20 21 23,0.43491044776119403,0.7744925373134328,0.3395820895522388,67,34.0,68.0
94,0 11 3 35 8 28 1 25 4 29 30 6 7 12 5 9 10 13 14 15 16 0 3 12 35 6 8 2 24 28 25 0 3 19 20 22 23,0.478,0.8170555555555556,0.33905555555555567,36,18.5,37.0
95,0 7 35 6 8 0 26 4 3 12 8 7 6 1 0 5 25 35 6 8 10 1 12 30 7 13 14 16 0 0 3 17 35 8 19 20 22 23,0.41964864864864865,0.7584324324324324,0.33878378378378377,37,19.0,38.0
96,0 10 12 33 11 5 7 1 13 3 24 14 15 0 8 33 11 25 28 3 12 24 26 4 5 13 14 16 0 7 1 3 0 6 26 3 4 10 19 5 12 20 7 22 19 20 21 23,0.5034893617021277,0.8415744680851064,0.33808510638297873,47,24.0,48.0
97,0 7 1 0 4 35 8 6 13 14 0 26 6 13 14 13 14 16 0 24 35 8 6 19 20 21 0 11 7 26 1 4 33 19 20 22 19 20 5 22 23,0.5479499999999999,0.8854,0.33745,40,20.5,41.0
98,0 10 5 0 8 7 5 10 0 7 5 5 17 18 10 1 12 13 14 5 0 27 4 5 26 13 14 15 5 16 0 1 4 10 19 12 20 7 21 0 17 8 12 19 7 20 22 23,0.46717021276595744,0.804340425531915,0.33717021276595754,47,24.0,48.0
99,0 11 29 12 30 3 24 0 3 4 26 10 7 12 8 35 6 0 6 1 30 3 29 5 12 7 13 14 13 14 16 0 4 26 7 10 0 5 25 8 1 6 7 10 29 30 19 20 22 19 20 31 23,0.5320961538461538,0.8688269230769231,0.3367307692307693,52,26.5,53.0
100,0 5 7 34 10 27 0 3 17 5 33 18 7 5 10 0 10 5 1 5 6 3 24 8 5 0 30 1 3 5 13 14 5 16 0 6 8 7 10 12 26 4 25 28 19 5 20 22 23,0.5447916666666667,0.8814583333333333,0.33666666666666667,48,24.5,49.0
101,0 17 5 35 6 8 10 12 29 5 30 5 0 1 5 6 3 24 5 12 9 7 4 26 0 5 7 13 14 15 0 11 5 27 35 8 34 0 8 5 6 11 13 14 5 16 0 6 1 8 3 19 20 22 19 5 20 31 23,0.48751724137931035,0.8236206896551724,0.3361034482758621,58,29.5,59.0
102,0 3 35 6 25 35 8 7 1 10 12 0 26 4 33 13 11 14 15 16 0 10 12 7 5 0 6 1 3 10 8 19 20 22 23,0.4928235294117647,0.828764705882353,0.33594117647058824,34,17.5,35.0
103,0 5 7 30 29 5 0 5 4 10 0 5 5 5 10 1 7 12 28 25 13 14 15 13 14 5 0 28 8 25 6 5 10 13 14 5 16 0 5 29 6 35 8 4 26 10 3 12 7 19 20 21 19 20 31 19 20 21 23,0.5074827586206897,0.8432413793103448,0.3357586206896551,58,29.5,59.0
104,0 29 12 25 6 0 8 25 28 24 12 4 7 26 10 1 3 13 14 13 14 13 5 14 15 16 0 19 20 22 19 20 22 0 1 26 19 20 21 23,0.5711794871794872,0.9068974358974359,0.3357179487179487,39,20.0,40.0
105,0 5 0 8 34 6 27 30 4 29 3 25 0 8 12 1 3 10 7 29 30 13 14 5 13 14 16 0 27 5 33 8 11 1 5 3 0 5 0 5 1 12 5 17 7 10 5 0 25 8 19 6 5 20 5 5 31 19 20 22 23,0.4765666666666667,0.8122333333333334,0.33566666666666667,60,30.5,61.0
106,0 30 7 3 24 28 6 4 1 26 25 8 12 13 14 13 14 5 15 16 0 5 1 25 28 0 10 0 19 20 5 21 0 5 4 6 17 19 20 31 5 23,0.5085365853658537,0.8439024390243903,0.33536585365853666,41,21.0,42.0
107,0 6 5 0 7 0 7 0 3 5 27 4 26 5 0 7 8 5 6 0 5 5 1 13 14 15 13 14 16 0 10 4 0 6 1 3 5 8 19 20 31 19 20 31 23,0.5145227272727273,0.8496136363636364,0.3350909090909091,44,22.5,45.0
108,0 27 5 1 3 0 5 2 3 17 26 4 5 0 5 35 8 17 29 18 5 26 1 4 5 0 5 7 10 13 12 14 5 13 5 14 13 14 16 0 7 5 0 10 5 17 0 0 3 1 7 5 34 5 10 19 20 31 19 20 22 5 19 5 20 31 23,0.4907121212121212,0.8256363636363636,0.3349242424242424,66,33.5,67.0
109,0 5 12 4 26 0 11 12 5 7 5 0 7 27 5 34 1 25 3 9 10 5 24 0 3 1 5 4 8 13 6 5 14 5 0 17 0 7 4 5 25 3 13 24 14 5 16 0 8 19 20 31 5 0 27 3 12 7 10 25 19 20 21 23,0.5119523809523809,0.8463174603174602,0.3343650793650793,63,32.0,64.0
110,0 4 12 7 27 5 5 6 34 0 5 1 5 7 25 28 8 10 6 12 0 5 13 14 5 0 12 5 5 8 5 17 6 1 30 29 3 24 13 14 5 15 16 0 27 0 19 20 5 22 5 0 4 0 5 10 5 1 7 3 2 24 19 20 21 5 23,0.503909090909091,0.8376818181818182,0.3337727272727272,66,33.5,67.0
111,0 10 5 3 27 34 0 5 2 3 1 10 5 0 10 5 35 8 3 6 0 5 1 3 5 0 1 5 33 0 12 5 7 10 5 0 12 33 17 11 13 14 5 13 14 5 5 5 15 13 14 16 0 4 35 6 1 8 7 19 20 21 19 20 5 21 19 20 31 23,0.4943913043478261,0.8280869565217391,0.33369565217391306,69,35.0,70.0
112,0 10 0 5 25 2 3 6 5 12 8 1 0 17 0 5 6 25 28 0 5 26 2 3 5 27 34 1 5 0 8 3 5 1 2 24 0 26 35 6 7 10 8 5 5 13 14 16 0 4 28 25 8 35 6 0 7 19 20 22 23,0.49265000000000003,0.8255,0.33285,60,30.5,61.0
113,0 1 0 4 7 1 5 3 10 5 8 6 5 0 1 0 4 3 5 1 5 0 3 7 10 6 1 5 8 13 5 5 14 16 0 24 0 19 20 22 23,0.41319999999999996,0.7448,0.33160000000000006,40,20.5,41.0
114,0 17 1 5 3 0 4 8 12 5 27 33 11 1 9 7 3 5 5 24 5 0 7 5 1 3 33 11 5 30 29 5 0 5 4 27 35 8 34 12 7 5 13 5 14 16 0 4 5 27 34 3 5 0 30 5 0 17 19 20 22 5 5 23,0.4795079365079365,0.8096349206349206,0.3301269841269841,63,32.0,64.0
115,0 6 8 5 1 3 10 26 4 7 13 14 13 14 15 16 0 12 19 20 31 0 3 9 7 10 12 19 20 22 23,0.4781,0.8079999999999999,0.3298999999999999,30,15.5,31.0
116,0 8 10 12 0 1 6 8 4 30 26 29 0 6 3 12 9 10 5 7 1 13 14 15 13 14 16 0 11 24 1 3 35 8 12 7 6 19 20 21 19 20 5 31 23,0.5599772727272727,0.8896363636363636,0.32965909090909085,44,22.5,45.0
117,0 12 30 29 8 6 26 25 1 28 4 3 24 7 10 11 13 33 14 13 14 15 5 16 0 3 27 5 34 0 8 5 12 7 0 12 6 8 19 20 5 5 31 0 8 9 7 5 10 1 5 19 5 3 2 24 20 21 23,0.40781034482758616,0.7366034482758621,0.32879310344827595,58,29.5,59.0
118,0 5 24 7 12 10 1 3 8 25 6 30 29 4 11 26 13 14 15 13 14 15 16 0 3 8 35 6 19 20 31 0 7 6 12 19 20 22 23,0.5511842105263158,0.8779210526315788,0.326736842105263,38,19.5,39.0
119,0 1 5 7 0 24 3 5 7 10 5 0 5 8 5 3 6 12 24 7 10 0 17 4 5 26 33 35 8 27 5 34 11 5 10 13 14 15 5 16 0 5 8 7 6 5 10 12 5 0 4 3 5 24 0 5 10 5 4 26 17 18 19 20 31 5 23,0.5045454545454545,0.8303636363636364,0.3258181818181819,66,33.5,67.0
120,0 27 1 5 3 0 5 30 25 0 8 5 5 3 2 24 1 4 11 33 5 0 7 6 8 10 3 5 24 17 18 13 14 5 5 16 0 5 25 5 27 34 17 18 5 0 12 5 6 8 5 0 3 4 26 5 7 19 20 5 22 23,0.5320819672131147,0.8561967213114754,0.32411475409836066,61,31.0,62.0
121,0 1 27 5 34 5 12 7 5 0 12 0 30 0 33 5 0 4 6 5 35 8 7 5 13 10 14 12 5 0 5 12 5 11 13 33 14 16 0 1 12 19 7 10 20 22 0 19 20 21 23,0.53298,0.85704,0.32406,50,25.5,51.0
122,0 8 12 6 7 10 26 1 4 0 6 8 5 2 3 29 7 4 30 10 1 12 13 14 15 16 0 25 8 10 0 6 19 20 21 23,0.42637142857142857,0.7502571428571428,0.3238857142857143,35,18.0,36.0
123,0 5 0 17 1 6 5 35 8 5 29 30 0 7 5 5 25 13 14 13 14 15 0 26 33 11 10 5 5 4 1 2 3 5 0 12 7 9 10 5 5 26 27 4 29 13 5 30 14 5 15 16 0 5 6 29 30 5 0 17 19 20 21 19 5 20 5 31 0 1 3 5 24 19 20 21 5 23,0.34231168831168834,0.6659999999999999,0.3236883116883116,77,39.0,78.0
124,0 5 8 3 24 25 5 0 7 5 8 6 5 0 7 35 8 5 6 5 0 5 27 17 5 5 18 1 7 3 8 6 13 14 16 0 11 0 5 0 17 29 5 30 0 6 5 7 1 10 19 5 20 21 23,0.506962962962963,0.8305,0.32353703703703707,54,27.5,55.0
125,0 33 29 5 5 24 12 7 5 0 10 2 3 24 5 5 27 26 34 0 5 5 17 11 10 33 12 8 7 0 7 5 35 6 5 0 1 5 5 12 7 26 5 10 13 14 13 14 16 0 30 4 5 6 26 19 20 22 19 20 31 23,0.48209836065573775,0.8052950819672131,0.32319672131147537,61,31.0,62.0
126,0 3 4 5 1 0 6 10 5 30 12 26 5 4 0 5 26 10 12 0 17 27 7 34 5 5 13 14 15 16 0 25 10 28 1 12 3 5 19 24 20 31 23,0.40854761904761905,0.7311428571428571,0.32259523809523805,42,21.5,43.0
127,0 6 8 27 34 5 12 5 7 0 8 26 5 5 4 7 12 10 1 13 5 3 5 24 14 15 5 0 5 25 10 4 5 12 7 13 14 5 0 17 4 3 26 25 5 7 28 5 13 14 5 16 0 30 19 20 21 19 20 5 22 19 20 31 23,0.44959375,0.771875,0.32228124999999996,64,32.5,65.0
128,0 12 26 7 11 1 33 10 13 14 15 0 3 11 4 33 25 13 28 14 16 0 29 28 19 25 20 21 19 20 21 23,0.384,0.7058064516129032,0.3218064516129032,31,16.0,32.0
129,0 7 11 5 27 8 5 34 5 0 6 5 0 7 0 8 0 8 5 12 7 4 26 1 5 3 5 0 5 1 3 12 7 10 13 5 14 5 15 16 0 0 4 30 10 29 19 20 21 23,0.4398163265306122,0.7615918367346939,0.3217755102040817,49,25.0,50.0
130,0 25 5 17 18 6 5 8 5 0 5 4 27 0 10 3 5 12 24 1 7 25 6 8 5 13 5 14 0 4 30 25 7 28 5 5 5 1 5 8 3 6 24 13 14 16 0 10 8 19 6 20 21 0 3 4 25 18 17 19 20 22 23,0.5533548387096774,0.8746935483870968,0.3213387096774194,62,31.5,63.0
131,0 12 0 8 5 1 3 5 0 5 26 6 8 5 0 6 5 26 4 0 1 5 30 8 29 5 28 25 5 0 6 5 12 7 10 17 25 18 28 13 14 15 13 14 5 5 15 5 16 0 4 26 19 20 22 19 20 21 23,0.4909827586206897,0.8118103448275862,0.3208275862068965,58,29.5,59.0
132,0 5 4 27 34 0 3 6 5 17 0 10 5 3 1 5 24 4 26 0 7 5 4 3 5 26 1 0 10 5 5 11 13 33 14 15 0 3 5 26 1 4 13 14 5 16 0 12 4 7 26 19 20 31 19 20 5 22 23,0.4830689655172414,0.802948275862069,0.3198793103448276,58,29.5,59.0
133,0 10 5 3 5 0 4 5 12 7 5 0 5 1 27 4 34 7 8 6 5 13 5 14 5 0 10 9 7 4 13 5 5 14 16 0 12 1 3 19 20 22 19 20 31 23,0.4709333333333333,0.7902888888888889,0.3193555555555556,45,23.0,46.0
134,0 1 6 11 3 33 8 25 28 5 0 4 26 7 12 10 13 14 13 14 15 5 13 14 16 0 25 35 8 1 6 3 24 5 4 26 19 20 21 0 10 25 12 28 1 3 19 20 22 19 20 5 31 23,0.45890566037735847,0.7781698113207548,0.31926415094339633,53,27.0,54.0
135,0 5 0 10 0 25 5 10 12 5 1 3 8 6 0 4 5 27 8 34 5 0 12 4 26 5 1 5 3 5 0 5 7 6 8 5 0 5 10 13 14 16 0 30 7 10 0 1 10 7 12 19 20 31 23,0.5226851851851853,0.8418888888888889,0.31920370370370366,54,27.5,55.0
136,0 1 35 6 9 10 8 3 24 0 8 12 3 2 24 10 33 7 11 0 3 7 4 9 10 26 1 13 14 16 0 30 26 28 7 5 25 3 19 24 20 31 23,0.4565476190476191,0.7754761904761904,0.31892857142857134,42,21.5,43.0
137,0 5 0 17 10 5 5 24 12 27 7 5 0 1 5 0 1 6 5 7 35 8 5 0 3 5 5 4 26 8 6 13 14 16 0 6 7 10 8 19 20 22 23,0.46935714285714286,0.7875952380952381,0.31823809523809526,42,21.5,43.0
138,0 1 8 4 6 0 10 0 12 7 10 35 6 35 8 13 14 16 0 10 8 6 0 25 3 24 19 20 31 23,0.4056206896551724,0.7238275862068966,0.3182068965517242,29,15.0,30.0
139,0 8 5 27 34 5 0 7 5 26 4 0 8 7 5 10 5 0 29 5 1 3 10 4 5 12 5 13 7 14 5 0 17 5 5 12 30 7 9 10 35 8 6 13 14 13 14 5 15 5 16 0 5 12 19 20 22 5 0 27 6 35 8 5 28 5 19 25 20 21 5 0 10 17 8 5 6 0 10 19 20 5 22 5 23,0.3825595238095238,0.7006547619047618,0.31809523809523804,84,42.5,85.0
140,0 5 3 8 7 12 1 25 28 30 29 10 4 26 13 14 13 14 16 0 1 19 20 21 0 1 7 10 3 35 6 19 8 20 31 23,0.46768571428571426,0.7851714285714286,0.31748571428571437,35,18.0,36.0
141,0 5 7 35 8 0 5 1 6 8 5 0 27 5 13 14 0 17 6 3 1 4 26 5 7 25 8 5 28 13 5 5 14 16 0 3 19 20 22 0 24 8 27 1 19 3 20 31 23,0.42902083333333335,0.7461875,0.31716666666666665,48,24.5,49.0
142,0 25 4 5 26 5 7 10 0 7 35 8 25 35 6 5 17 5 18 5 0 0 1 5 12 7 5 10 6 8 13 14 13 14 15 5 5 16 0 12 24 35 6 3 26 5 4 33 19 11 20 31 19 20 22 23,0.46170909090909096,0.7786727272727273,0.31696363636363634,55,28.0,56.0
143,0 5 12 10 5 0 6 0 17 5 1 3 0 25 27 34 5 7 0 12 5 7 10 0 3 26 13 5 4 14 15 5 16 0 12 1 7 3 0 6 35 8 3 19 20 31 23,0.47884782608695653,0.7953478260869565,0.3165,46,23.5,47.0
144,0 11 5 0 5 0 5 6 1 3 5 0 12 26 1 4 3 2 24 5 5 27 34 0 3 5 4 5 0 8 33 11 9 7 5 6 5 10 13 14 5 15 13 14 5 16 0 29 5 0 1 3 24 30 29 8 11 4 26 19 20 5 22 19 20 31 23,0.5191818181818182,0.8350606060606061,0.31587878787878787,66,33.5,67.0
145,0 26 5 10 12 5 0 27 0 27 0 26 5 6 0 6 0 3 25 12 5 28 5 7 5 0 1 9 10 12 5 17 13 18 5 5 14 5 13 14 13 14 16 0 25 3 33 24 35 6 8 5 4 10 19 12 20 7 21 19 20 21 19 20 21 23,0.4807846153846154,0.7963230769230769,0.3155384615384615,65,33.0,66.0
146,0 10 35 8 3 6 24 0 8 10 5 1 24 7 12 2 3 4 13 26 14 16 0 12 11 5 33 5 0 30 28 5 27 25 5 0 7 0 1 10 5 26 12 5 7 8 19 5 6 20 21 23,0.5154313725490196,0.8306078431372549,0.3151764705882353,51,26.0,52.0
147,0 5 4 1 7 5 17 10 12 5 0 26 5 0 5 5 12 29 3 30 8 0 3 5 7 0 5 10 4 26 7 5 0 5 10 6 27 8 34 13 14 5 16 0 6 27 5 34 5 0 6 0 7 0 12 19 5 5 20 22 23,0.5106499999999999,0.8258166666666666,0.3151666666666667,60,30.5,61.0
148,0 7 12 1 26 35 6 4 8 33 13 11 14 13 5 14 15 13 14 16 0 10 7 12 4 24 6 8 19 20 5 21 19 20 22 19 20 22 23,0.5829736842105263,0.8979736842105263,0.31499999999999995,38,19.5,39.0
149,0 25 5 27 34 7 17 5 10 2 3 12 0 4 6 5 25 30 5 29 0 5 0 4 5 8 17 6 2 3 5 24 1 13 14 5 16 0 3 0 5 4 35 8 35 6 0 6 35 8 27 17 5 5 34 5 19 20 22 23,0.5228813559322034,0.837864406779661,0.3149830508474576,59,30.0,60.0
150,0 3 5 0 0 17 0 27 0 8 5 10 33 6 5 0 29 7 9 10 4 5 5 28 25 5 0 1 28 13 25 14 5 13 5 5 14 13 14 16 0 7 5 25 28 0 5 30 4 7 26 5 0 5 26 7 10 5 0 29 5 5 19 20 31 19 5 20 31 19 20 22 23,0.48565277777777777,0.7991388888888888,0.3134861111111111,72,36.5,73.0
151,0 5 0 7 17 8 5 6 5 12 0 26 1 5 6 2 3 0 6 0 5 0 8 5 13 14 13 14 5 16 0 24 6 35 8 2 3 19 20 22 0 28 1 7 10 3 19 24 20 31 23,0.46380000000000005,0.77726,0.3134599999999999,50,25.5,51.0
152,0 27 5 8 10 12 0 5 6 28 25 10 5 12 7 0 7 5 28 11 33 0 3 5 5 10 12 17 18 0 4 27 25 5 5 1 28 13 14 13 14 5 5 13 14 16 0 5 17 12 7 26 5 0 5 19 20 31 0 27 8 5 19 6 5 20 21 19 20 5 21 23,0.48390140845070423,0.7960563380281691,0.3121549295774649,71,36.0,72.0
153,0 3 8 5 6 0 11 5 25 2 3 24 5 0 5 7 12 6 8 5 0 5 1 9 10 5 12 7 5 27 17 34 13 5 14 13 14 16 0 7 10 5 5 12 27 34 0 12 10 5 17 18 5 0 5 0 5 10 5 1 3 5 6 8 19 20 31 5 19 20 21 23,0.4593521126760563,0.7707042253521127,0.3113521126760564,71,36.0,72.0
154,0 8 5 12 7 4 5 26 0 11 5 27 34 5 7 10 0 1 5 13 14 5 0 12 6 30 5 5 8 3 1 25 28 13 5 5 14 13 14 16 0 25 10 12 0 7 35 8 24 6 19 5 20 31 19 20 22 19 20 22 23,0.492,0.8033333333333333,0.31133333333333335,60,30.5,61.0
155,0 5 6 35 8 0 5 35 6 25 28 5 0 5 30 33 1 11 5 0 3 27 5 34 5 0 33 17 18 10 8 12 1 5 7 3 13 5 14 5 15 13 14 5 16 0 28 5 27 0 1 19 20 5 31 5 0 3 8 17 5 6 5 10 12 0 25 19 5 20 22 5 23,0.4463611111111111,0.7573333333333333,0.3109722222222222,72,36.5,73.0
156,0 7 0 1 0 7 25 3 5 28 17 12 18 5 8 35 6 5 13 14 5 13 14 0 5 0 5 2 3 9 10 35 8 12 7 5 13 14 16 0 1 0 27 0 5 3 19 20 21 5 19 20 22 0 25 5 5 26 10 4 19 20 31 23,0.44341269841269837,0.7543015873015874,0.310888888888889,63,32.0,64.0
157,0 5 28 25 12 7 0 5 0 5 25 5 7 8 10 12 5 0 1 35 8 5 35 6 5 17 18 13 14 5 0 4 5 12 13 5 14 16 0 1 0 19 20 5 31 0 5 26 12 7 5 0 5 7 1 5 19 3 20 21 23,0.5528833333333334,0.86365,0.31076666666666664,60,30.5,61.0
158,0 5 8 1 4 3 5 24 5 0 8 27 5 26 34 5 0 5 25 9 7 10 1 4 5 3 24 5 0 5 5 4 28 26 25 17 18 0 1 13 14 5 16 0 1 0 26 10 1 3 12 19 7 20 22 23,0.4823272727272727,0.7930363636363635,0.3107090909090908,55,28.0,56.0
159,0 1 24 8 3 10 12 0 3 28 25 7 30 10 29 13 14 16 0 6 0 10 7 1 3 19 20 21 23,0.5563571428571429,0.8667142857142858,0.3103571428571429,28,14.5,29.0
160,0 6 5 7 10 12 0 6 10 3 12 30 5 5 7 29 0 5 6 5 7 10 27 34 0 6 17 18 1 5 8 4 26 5 13 14 15 5 13 5 14 15 16 0 5 0 6 19 20 5 22 5 0 27 7 10 25 5 28 5 17 6 5 19 35 8 5 20 31 23,0.4771884057971015,0.7858260869565218,0.3086376811594203,69,35.0,70.0
161,0 10 5 33 25 11 0 34 5 5 17 10 18 3 24 0 3 34 7 6 5 8 5 27 0 8 1 2 3 26 12 4 5 5 7 13 5 5 14 13 14 16 0 6 1 8 3 19 20 21 5 19 20 22 23,0.47603703703703704,0.784574074074074,0.30853703703703694,54,27.5,55.0
162,0 12 4 1 6 3 30 29 0 12 35 6 7 10 8 13 14 16 0 4 6 5 34 8 26 7 10 19 20 22 23,0.4001666666666666,0.7084333333333334,0.30826666666666674,30,15.5,31.0
163,0 24 6 1 3 0 28 8 35 6 30 29 0 7 4 26 24 3 18 25 17 8 13 5 6 14 16 0 24 5 0 5 0 29 27 34 25 24 5 5 28 17 18 5 0 3 5 5 6 19 8 20 21 23,0.5122264150943396,0.8204905660377358,0.3082641509433962,53,27.0,54.0
164,0 12 5 0 12 5 0 4 10 5 12 28 35 8 25 5 7 0 5 8 3 17 0 10 5 4 5 0 1 5 26 4 13 14 13 14 15 13 14 5 5 16 0 12 7 25 10 19 20 21 19 20 22 5 19 20 22 23,0.5180350877192982,0.8251754385964911,0.30714035087719294,57,29.0,58.0
165,0 8 3 10 29 30 1 5 4 25 28 26 12 11 7 33 13 14 13 14 15 13 14 16 0 24 5 0 17 4 5 26 5 0 1 19 20 5 31 5 19 20 31 0 7 19 5 20 31 5 23,0.49683999999999995,0.80348,0.30664,50,25.5,51.0
166,0 29 5 0 17 5 0 4 5 7 10 5 0 7 4 1 6 5 3 5 24 0 6 4 5 26 1 7 5 3 24 0 5 27 1 12 7 5 0 5 30 1 8 3 18 33 11 12 5 7 9 10 5 13 5 14 16 0 1 12 7 10 26 28 4 19 20 21 5 23,0.4737536231884058,0.7799855072463768,0.306231884057971,69,35.0,70.0
167,0 3 10 12 0 4 35 6 8 0 7 1 8 3 13 2 24 14 16 0 27 5 0 25 5 4 3 24 0 5 12 7 10 0 6 5 28 19 25 20 5 31 23,0.5374285714285714,0.8435714285714285,0.30614285714285716,42,21.5,43.0
168,0 6 0 5 25 7 5 10 4 26 0 30 5 0 6 1 5 3 0 1 10 12 5 27 5 34 7 13 14 5 0 10 5 0 24 7 5 8 10 6 5 13 14 16 0 5 10 8 26 1 19 3 20 24 21 19 20 21 23,0.518051724137931,0.8238103448275862,0.3057586206896552,58,29.5,59.0
169,0 5 0 6 0 11 5 4 26 0 6 5 10 12 5 0 10 5 7 0 7 27 34 9 10 12 1 13 5 3 14 5 5 24 5 0 10 2 3 4 5 13 26 14 15 5 16 0 29 7 6 10 12 19 20 22 0 26 7 6 8 4 19 20 22 23,0.49446153846153845,0.7997384615384615,0.30527692307692306,65,33.0,66.0
170,0 5 17 6 8 0 5 3 7 9 10 5 0 5 4 10 8 12 5 3 7 0 1 10 5 12 5 35 6 27 35 8 25 28 0 10 4 5 26 0 5 9 10 7 33 5 0 5 12 13 14 16 0 5 0 5 12 3 2 24 5 26 4 7 9 10 5 0 1 27 5 34 6 0 5 5 17 19 20 22 23,0.47521250000000004,0.7793875,0.304175,80,40.5,81.0
171,0 6 0 3 1 7 5 12 10 25 8 13 14 13 14 13 14 16 0 25 3 24 12 19 7 10 20 21 19 20 22 19 20 5 31 23,0.5052,0.8088571428571428,0.30365714285714285,35,18.0,36.0
172,0 26 4 25 8 3 1 2 24 30 6 29 0 6 1 28 3 10 5 2 24 12 7 13 14 13 14 13 14 15 16 0 3 0 30 7 24 12 3 11 33 19 20 31 19 20 21 19 20 31 5 23,0.5152352941176471,0.8185882352941176,0.3033529411764705,51,26.0,52.0
173,0 12 26 1 4 5 0 4 33 7 5 11 10 12 8 6 13 14 15 16 0 7 6 12 1 3 26 0 4 19 20 22 23,0.4366875,0.7396875,0.30300000000000005,32,16.5,33.0
174,0 11 5 0 17 0 5 7 4 26 0 7 35 8 5 6 0 6 5 27 34 0 5 12 1 5 3 4 6 5 26 13 14 13 14 16 0 10 3 4 24 25 1 5 7 19 20 22 19 20 22 23,0.5904313725490197,0.8922156862745098,0.3017843137254901,51,26.0,52.0
175,0 12 35 6 8 0 4 10 1 12 7 2 3 24 13 14 13 14 5 16 0 3 4 19 20 21 19 20 22 23,0.49531034482758624,0.7966896551724137,0.3013793103448275,29,15.0,30.0
176,0 5 35 8 27 5 34 35 6 3 0 8 0 4 0 12 17 5 30 5 29 1 6 3 0 7 5 35 8 5 6 3 5 24 1 26 5 13 14 15 13 5 14 15 13 14 16 0 5 25 19 20 21 0 26 29 5 30 19 5 20 22 0 12 5 24 19 3 20 5 31 23,0.4737042253521127,0.7749014084507042,0.3011971830985915,71,36.0,72.0
177,0 11 5 0 11 5 0 5 0 1 5 12 7 0 0 6 5 5 25 28 5 1 3 5 9 10 7 12 4 26 17 13 14 15 13 5 14 13 5 14 16 0 6 35 8 4 3 26 12 30 7 19 20 31 19 20 22 19 20 22 5 23,0.5195573770491804,0.8199672131147541,0.3004098360655737,61,31.0,62.0
178,0 1 7 10 24 26 35 8 4 3 6 30 29 12 13 14 13 14 15 13 5 14 16 0 1 7 19 10 20 12 21 19 5 20 21 19 20 21 23,0.5571315789473684,0.8572894736842105,0.30015789473684207,38,19.5,39.0
179,0 12 33 28 4 25 7 29 35 6 5 30 10 11 35 8 3 2 24 1 13 14 15 16 0 7 30 29 0 6 24 19 20 31 23,0.5123823529411764,0.8119117647058823,0.29952941176470593,34,17.5,35.0
180,0 7 4 5 26 0 5 3 12 5 0 17 27 5 34 5 3 33 11 5 0 6 1 3 5 10 25 12 5 13 7 5 14 5 0 6 24 27 9 7 5 5 34 4 13 14 13 14 5 16 0 5 19 20 22 5 0 12 5 0 12 19 20 5 31 5 0 3 29 19 30 20 5 22 5 23,0.45133333333333336,0.7506666666666666,0.29933333333333323,75,38.0,76.0
181,0 5 3 1 0 33 27 5 1 34 5 0 5 7 26 4 0 7 5 0 4 5 27 5 12 34 32 33 11 5 0 5 4 12 7 30 5 29 13 14 16 0 27 12 7 17 5 5 18 5 0 1 6 5 7 10 8 4 5 26 5 0 10 19 20 5 5 22 23,0.44358823529411767,0.74175,0.29816176470588235,68,34.5,69.0
182,0 5 12 8 5 4 6 17 18 5 0 5 1 30 29 0 4 5 33 11 8 25 35 6 30 5 29 5 0 25 5 27 34 2 3 24 7 5 10 5 0 3 10 5 6 8 12 5 7 5 0 30 26 13 5 4 14 5 15 16 0 26 7 10 0 12 10 29 30 19 20 21 23,0.47681944444444446,0.7747916666666667,0.2979722222222222,72,36.5,73.0
183,0 11 8 3 7 1 4 10 26 30 6 12 13 14 5 15 13 14 13 14 16 0 12 7 10 11 33 8 3 6 19 20 21 19 5 20 31 19 20 22 23,0.519925,0.8172499999999999,0.29732499999999995,40,20.5,41.0
184,0 26 28 2 3 25 0 3 4 26 33 11 0 6 3 24 5 8 1 11 9 7 33 13 14 13 14 16 0 8 5 29 30 0 17 26 4 27 34 7 5 3 5 5 24 19 20 22 0 1 24 3 19 20 5 22 5 23,0.44191228070175437,0.7382456140350877,0.29633333333333334,57,29.0,58.0
185,0 25 0 5 11 17 18 0 12 5 7 27 10 5 0 11 5 0 7 5 1 5 13 3 14 0 1 17 5 7 10 5 0 12 5 6 9 7 3 5 10 8 13 14 5 16 0 5 4 5 7 10 18 12 17 1 5 3 6 5 19 8 20 21 0 17 0 29 7 5 19 10 20 5 12 21 23,0.46332894736842106,0.7584736842105263,0.29514473684210524,76,38.5,77.0
186,0 4 9 7 1 10 12 0 8 6 26 3 4 12 7 25 28 0 3 6 12 10 7 8 13 14 16 0 11 1 19 3 24 20 31 23,0.3366,0.6310571428571429,0.29445714285714286,35,18.0,36.0
187,0 4 28 9 7 25 0 28 4 30 7 29 10 12 5 0 3 35 8 6 1 13 14 16 0 25 8 10 6 0 28 25 1 19 3 20 24 31 23,0.41792105263157897,0.7117894736842105,0.29386842105263156,38,19.5,39.0
188,0 1 6 8 11 5 5 33 5 0 12 0 12 5 0 5 4 10 12 0 5 8 10 5 7 12 5 1 27 3 4 24 13 14 5 0 5 5 17 7 6 10 12 13 14 13 5 14 16 0 3 7 24 9 10 12 5 19 20 21 19 20 31 19 20 22 23,0.47530303030303034,0.7683030303030303,0.2929999999999999,66,33.5,67.0
189,0 3 10 4 6 5 11 33 12 26 1 7 13 14 13 14 13 14 16 0 8 3 10 24 1 33 11 26 4 7 19 20 31 19 20 21 19 20 5 22 23,0.576125,0.869,0.292875,40,20.5,41.0
190,0 26 1 10 12 4 2 3 24 30 35 6 29 5 0 12 3 7 2 24 8 1 6 13 14 5 15 16 0 4 6 25 8 0 8 19 20 21 23,0.42726315789473684,0.719,0.29173684210526313,38,19.5,39.0
191,0 1 9 7 12 5 3 26 4 8 6 9 10 13 14 15 13 14 16 0 27 5 7 5 1 4 17 10 18 0 4 5 19 20 31 5 0 3 5 6 26 8 19 5 20 22 23,0.5245434782608696,0.8161521739130435,0.29160869565217395,46,23.5,47.0
192,0 33 17 5 18 26 32 34 5 4 0 12 0 5 5 7 3 25 28 1 5 0 5 12 25 3 5 35 8 6 5 5 33 11 4 13 26 14 13 14 16 0 7 10 12 5 4 0 5 3 8 17 6 5 0 27 4 26 1 5 5 5 19 3 24 20 22 0 25 4 5 5 19 26 20 22 23,0.46775,0.7588684210526315,0.2911184210526315,76,38.5,77.0
193,0 5 10 3 7 0 3 5 10 0 5 10 3 8 24 0 5 6 1 3 0 8 26 4 13 5 5 14 15 0 17 5 7 10 5 0 4 6 35 8 27 13 34 14 13 5 14 5 15 5 16 0 5 3 19 20 22 0 5 8 17 18 12 5 7 0 27 7 5 6 35 8 19 20 22 19 20 31 5 5 23,0.4265,0.7170625,0.29056250000000006,80,40.5,81.0
194,0 0 4 0 1 5 8 25 6 7 13 9 10 5 14 5 12 5 0 5 12 10 5 35 6 8 11 4 32 33 27 0 5 1 5 5 7 13 10 12 14 13 14 16 0 25 6 4 8 26 19 5 20 22 19 20 31 19 20 22 23,0.51265,0.8031,0.29045,60,30.5,61.0
195,0 26 3 30 24 0 7 4 6 1 2 3 29 30 10 13 5 14 15 0 8 11 33 6 30 10 29 13 14 15 13 5 14 16 0 28 6 3 8 10 7 12 19 20 31 0 12 19 20 21 19 20 22 23,0.5164905660377359,0.8066603773584906,0.2901698113207547,53,27.0,54.0
196,0 5 33 25 26 28 17 8 5 35 6 5 0 6 1 30 5 3 0 3 5 1 8 6 5 10 12 30 29 5 0 5 5 1 5 12 7 10 25 27 28 13 14 16 0 0 6 7 5 9 10 0 0 27 7 19 20 5 22 5 23,0.50985,0.7998166666666666,0.2899666666666666,60,30.5,61.0
197,0 7 4 26 3 12 24 8 6 10 1 11 13 5 33 14 15 16 0 10 1 3 18 6 33 11 8 7 5 19 20 22 23,0.5199374999999999,0.80984375,0.28990625000000003,32,16.5,33.0
198,0 8 5 27 17 34 5 0 10 11 5 32 33 0 6 5 1 2 3 4 5 0 4 12 5 34 27 7 5 13 10 14 13 5 14 5 0 5 1 3 11 33 5 4 13 26 5 14 16 0 11 0 25 19 20 31 19 20 22 19 5 20 21 23,0.49803174603174605,0.7870952380952382,0.28906349206349213,63,32.0,64.0
199,0 12 34 27 1 2 3 7 11 10 0 3 26 6 8 13 14 15 16 0 4 3 30 29 0 8 3 19 20 21 23,0.41223333333333334,0.7005,0.28826666666666667,30,15.5,31.0
200,0 7 3 24 1 4 26 5 10 12 13 14 15 13 14 0 33 12 25 6 4 7 26 13 14 16 0 26 3 7 6 24 8 12 10 19 20 21 19 5 20 21 19 20 22 23,0.5244888888888889,0.8124,0.2879111111111111,45,23.0,46.0
201,0 3 4 12 26 6 2 24 8 30 5 29 10 1 7 13 14 15 13 14 16 0 1 8 29 11 12 33 7 10 19 5 20 31 19 20 31 23,0.5912702702702702,0.8786486486486486,0.2873783783783783,37,19.0,38.0
202,0 8 5 26 4 3 5 0 17 1 5 5 3 28 25 5 0 7 33 11 29 30 4 35 8 6 1 5 13 3 5 5 24 14 13 5 14 0 12 5 1 3 5 27 13 34 14 16 0 11 7 35 6 0 25 4 24 26 19 5 20 22 19 20 31 19 20 22 23,0.4833382352941176,0.769985294117647,0.2866470588235294,68,34.5,69.0
203,0 6 10 12 8 5 1 26 3 4 24 7 13 14 13 14 13 14 16 0 1 28 35 8 11 6 33 3 24 5 25 4 19 26 20 22 19 20 31 19 20 21 23,0.5217142857142857,0.8077142857142857,0.28600000000000003,42,21.5,43.0
204,0 33 12 6 8 7 10 0 4 8 29 1 30 10 13 12 14 0 10 13 14 16 0 7 0 1 10 5 12 5 17 18 5 0 27 19 5 20 31 5 19 20 21 23,0.5388372093023256,0.8242325581395349,0.2853953488372093,43,22.0,44.0
205,0 1 5 4 11 26 0 5 10 4 26 0 5 12 5 25 30 28 17 35 6 18 0 7 4 26 8 6 5 13 14 5 13 5 14 0 28 5 27 3 34 10 12 7 13 5 14 5 16 0 7 5 4 8 6 2 3 24 10 12 26 19 20 22 19 20 31 19 20 21 23,0.43315714285714285,0.7182857142857143,0.28512857142857145,70,35.5,71.0
206,0 4 1 26 3 10 7 25 8 6 12 13 14 13 14 13 14 5 16 0 4 8 5 6 10 12 33 7 19 20 22 19 20 31 19 20 22 23,0.5592162162162162,0.8433513513513514,0.2841351351351352,37,19.0,38.0
207,0 12 5 10 4 26 5 0 8 5 4 2 3 26 5 0 4 5 10 5 12 17 18 0 5 7 8 6 4 5 0 7 5 8 5 0 3 10 1 5 13 14 5 13 14 5 15 16 0 6 7 10 19 20 31 19 20 31 23,0.4766551724137931,0.760396551724138,0.2837413793103449,58,29.5,59.0
208,0 0 7 5 25 28 0 8 5 27 34 0 5 12 17 18 0 6 10 12 1 5 2 3 25 4 5 28 13 14 5 16 0 1 12 7 10 8 6 0 26 19 20 21 23,0.47434090909090904,0.7578181818181818,0.2834772727272728,44,22.5,45.0
209,0 7 0 10 35 8 12 6 1 5 5 13 3 14 0 8 28 25 5 27 5 34 12 5 0 3 5 0 8 0 17 5 11 33 1 3 7 5 4 10 6 5 8 5 0 4 5 5 5 35 8 6 33 11 13 14 15 16 0 25 3 12 24 1 19 5 20 21 19 20 31 23,0.5271690140845071,0.8102816901408451,0.28311267605633794,71,36.0,72.0
210,0 7 12 30 0 5 9 10 25 28 7 3 35 6 24 12 1 13 14 13 14 16 0 3 8 6 10 0 26 7 19 10 20 31 19 20 22 23,0.5731081081081081,0.855945945945946,0.2828378378378379,37,19.0,38.0
211,0 7 12 1 3 4 28 26 0 7 12 10 0 25 35 8 6 13 14 16 0 6 4 26 0 10 3 24 29 19 30 20 21 23,0.5431818181818182,0.8254242424242424,0.2822424242424242,33,17.0,34.0
212,0 1 0 5 4 30 5 0 5 35 8 7 10 13 5 14 0 1 8 7 5 5 26 10 6 0 27 25 7 5 28 26 5 5 3 4 5 6 8 13 14 16 0 7 33 28 25 18 17 3 24 0 24 1 19 20 31 19 20 21 23,0.5148666666666667,0.79645,0.2815833333333333,60,30.5,61.0
213,0 5 6 27 32 34 5 0 0 10 6 35 8 5 5 7 2 3 24 0 5 8 7 6 10 5 12 0 10 1 4 5 3 5 24 11 33 5 13 14 5 0 3 13 14 5 5 15 13 14 15 16 0 29 10 8 5 12 7 19 20 21 19 20 31 19 20 22 23,0.5332941176470589,0.8148676470588235,0.2815735294117646,68,34.5,69.0
214,0 26 5 12 1 3 0 8 17 5 5 12 18 10 35 6 26 4 0 8 12 5 7 0 27 5 5 1 3 24 29 30 5 12 26 4 0 34 7 6 10 4 5 5 12 5 13 14 16 0 25 0 6 5 3 0 8 17 18 27 5 32 34 5 12 7 0 4 19 20 5 5 21 23,0.47493150684931507,0.7560958904109589,0.28116438356164386,73,37.0,74.0
215,0 33 5 24 3 0 5 0 1 2 3 24 7 10 5 5 12 0 5 17 13 14 0 27 5 5 10 12 4 1 26 5 0 25 12 5 1 10 26 13 5 4 5 14 16 0 28 19 20 5 21 0 1 6 5 8 25 5 0 10 17 12 7 1 19 5 3 5 24 20 5 22 23,0.4884166666666666,0.7694027777777778,0.28098611111111116,72,36.5,73.0
216,0 5 0 5 3 1 5 26 4 5 7 13 10 14 12 0 3 17 5 35 8 18 5 6 0 10 3 5 24 33 7 11 27 13 5 34 5 14 15 0 7 5 26 5 2 3 5 1 24 4 13 14 16 0 0 0 7 19 20 5 22 5 0 19 5 20 22 19 20 5 31 23,0.43459154929577465,0.7154084507042253,0.28081690140845067,71,36.0,72.0
217,0 5 0 4 5 30 8 27 6 7 5 10 5 0 4 8 5 29 35 6 7 10 1 5 12 0 5 4 5 12 7 17 10 0 5 28 35 6 8 5 10 12 3 24 5 26 5 13 4 14 16 0 33 6 8 0 1 35 8 3 6 19 20 22 23,0.464703125,0.744875,0.28017187499999996,64,32.5,65.0
218,0 3 27 5 32 34 0 7 0 5 6 26 4 17 5 18 0 28 11 33 4 6 5 5 8 26 5 1 3 5 0 5 4 1 3 0 5 35 8 3 1 24 28 25 9 7 5 10 0 25 5 10 12 5 13 14 16 0 5 25 35 6 8 0 7 1 8 5 35 6 0 11 5 27 5 34 17 18 5 0 5 35 8 19 20 5 31 23,0.43164367816091953,0.7113333333333334,0.27968965517241384,87,44.0,88.0
219,0 30 2 3 12 24 5 0 10 6 7 8 1 13 3 14 24 16 0 5 0 3 5 29 30 0 12 5 0 1 12 5 7 29 19 20 5 22 23,0.5487105263157894,0.8282894736842106,0.27957894736842115,38,19.5,39.0
220,0 3 18 17 24 10 30 12 0 4 7 26 12 25 35 6 1 8 5 3 13 24 14 15 13 14 16 0 10 1 3 19 20 22 19 20 31 23,0.517972972972973,0.7975405405405406,0.2795675675675676,37,19.0,38.0
221,0 5 0 5 1 30 29 5 0 17 5 7 5 12 10 4 13 26 5 14 15 13 5 14 15 0 4 10 12 3 5 5 24 25 28 5 0 5 8 5 13 14 15 16 0 0 6 5 1 3 0 6 5 5 25 28 19 20 31 5 0 3 5 10 5 19 20 22 5 19 20 21 23,0.4898472222222222,0.7682361111111111,0.2783888888888889,72,36.5,73.0
222,0 5 6 17 0 5 1 8 6 0 25 8 6 5 10 5 12 5 0 1 10 5 12 5 0 28 25 5 9 10 12 0 7 3 5 5 24 27 34 13 14 16 0 10 17 5 18 0 5 35 6 4 26 7 0 5 11 4 34 27 6 5 8 0 33 5 19 20 5 21 23,0.47718571428571427,0.7555714285714286,0.2783857142857143,70,35.5,71.0
223,0 1 0 5 29 1 0 1 5 8 7 35 6 5 0 8 7 5 5 4 3 24 12 0 5 4 10 25 12 7 27 5 17 34 5 0 12 10 5 4 13 14 5 13 14 16 0 25 4 6 26 19 20 31 0 7 4 12 19 20 31 23,0.5231639344262295,0.8015081967213116,0.278344262295082,61,31.0,62.0
224,0 3 5 10 12 5 27 34 0 28 5 25 12 0 17 5 2 3 0 7 10 1 8 3 13 5 5 24 14 13 14 5 16 0 6 10 2 24 12 0 5 7 4 6 26 19 20 22 19 20 31 23,0.5340392156862745,0.8113921568627451,0.2773529411764706,51,26.0,52.0
225,0 10 35 6 17 8 0 10 35 8 6 3 24 5 0 7 12 32 33 11 18 5 1 17 13 14 13 14 13 14 16 0 3 7 0 19 20 31 19 20 22 19 20 21 23,0.4968863636363636,0.7738409090909091,0.27695454545454545,44,22.5,45.0
226,0 27 5 0 5 5 27 4 26 17 18 0 5 1 30 5 0 10 0 6 7 9 10 5 5 8 5 26 4 13 14 15 0 8 3 12 13 5 5 14 15 13 14 5 16 0 12 0 12 25 5 19 20 31 19 5 20 21 0 27 5 0 5 8 19 20 5 22 23,0.48916176470588235,0.766029411764706,0.2768676470588236,68,34.5,69.0
227,0 25 1 10 12 35 6 26 4 3 8 24 5 7 13 14 15 13 14 16 0 5 5 1 6 35 8 10 12 5 2 3 19 20 22 0 25 5 27 3 34 5 6 8 5 0 8 1 5 17 18 5 7 10 33 19 11 20 31 5 5 23,0.36973770491803276,0.6464590163934426,0.27672131147540985,61,31.0,62.0
228,0 10 0 10 27 34 5 2 3 0 5 3 12 7 0 10 3 25 24 5 5 33 11 0 7 1 33 5 3 0 4 1 5 35 6 3 5 24 0 17 1 5 3 5 8 6 13 14 16 0 1 35 8 6 26 4 0 25 10 26 12 7 19 20 21 23,0.5107999999999999,0.7871538461538461,0.27635384615384617,65,33.0,66.0
229,0 10 11 33 7 6 8 0 6 1 18 7 17 3 2 24 4 0 12 8 13 6 14 16 0 17 0 27 5 0 1 5 0 6 5 29 30 19 20 31 5 23,0.5648536585365853,0.8411219512195122,0.27626829268292685,41,21.0,42.0
230,0 0 7 0 10 5 17 18 0 5 7 12 5 0 5 1 10 3 5 12 7 0 5 4 13 14 5 0 8 6 27 5 34 7 13 10 5 5 14 12 16 0 11 5 8 5 0 26 17 5 10 12 0 25 4 12 19 7 5 10 20 5 22 19 5 20 21 5 23,0.5065294117647059,0.7825588235294118,0.27602941176470586,68,34.5,69.0
231,0 10 1 5 3 5 0 30 27 17 5 34 0 1 4 5 26 5 0 7 5 5 25 11 13 14 16 0 33 5 5 27 34 12 7 5 0 8 5 6 5 0 17 30 5 5 1 3 26 5 4 19 20 21 23,0.5595,0.8353888888888888,0.27588888888888885,54,27.5,55.0
232,0 33 0 5 5 12 7 10 33 4 11 26 5 0 33 12 1 5 7 5 0 5 5 1 6 8 4 26 5 0 4 1 3 5 7 10 13 5 14 5 15 13 14 0 4 25 26 5 5 35 6 8 10 5 12 13 14 16 0 3 1 6 19 20 31 0 30 28 25 7 19 10 12 20 31 5 19 20 31 23,0.4530379746835443,0.7288481012658228,0.2758101265822785,79,40.0,80.0
233,0 4 8 6 26 7 1 10 12 33 0 10 13 14 0 3 1 6 13 8 14 15 16 0 1 12 7 19 20 22 19 20 21 23,0.49809090909090914,0.7733939393939393,0.27530303030303016,33,17.0,34.0
234,0 0 17 6 5 8 5 0 25 1 2 3 8 5 5 4 26 6 0 5 0 7 1 3 4 13 5 5 26 14 15 5 0 12 5 30 29 0 27 1 5 5 13 14 13 14 16 0 1 0 10 26 12 19 7 20 31 19 20 31 5 19 20 22 23,0.550859375,0.8248125,0.2739531249999999,64,32.5,65.0
235,0 0 10 0 5 0 6 5 5 1 4 3 24 5 0 10 5 1 3 5 0 6 3 12 5 7 0 8 5 4 26 7 13 10 5 14 16 0 8 19 20 21 23,0.4082142857142857,0.6812380952380953,0.2730238095238096,42,21.5,43.0
236,0 26 12 5 27 10 5 0 6 5 7 33 10 12 17 5 18 0 5 12 10 26 0 5 33 4 5 26 6 8 5 0 28 10 4 5 9 7 26 1 3 13 14 13 14 15 5 5 5 13 14 15 5 16 0 1 2 3 19 2 24 20 21 0 25 12 8 6 7 19 5 10 20 31 19 20 22 23,0.46924675324675325,0.7421558441558441,0.2729090909090909,77,39.0,78.0
237,0 5 0 3 25 28 5 6 5 35 8 0 10 5 8 6 5 0 10 26 8 5 5 4 3 2 24 5 0 17 7 27 10 12 6 1 5 3 5 5 2 24 5 0 4 11 5 12 5 33 7 35 6 5 10 26 13 14 16 0 17 5 0 27 5 7 10 5 0 1 5 5 29 30 19 20 21 23,0.4414025974025974,0.7142987012987013,0.2728961038961039,77,39.0,78.0
238,0 3 0 4 1 3 7 0 8 6 7 12 25 10 28 13 14 16 0 24 5 0 5 17 27 34 0 5 12 7 19 5 10 20 31 23,0.48645714285714287,0.7585142857142858,0.27205714285714294,35,18.0,36.0
239,0 8 5 0 17 5 28 5 0 8 5 7 5 1 9 10 12 0 7 32 33 11 10 12 25 28 5 5 6 13 8 5 14 5 0 4 8 35 6 5 5 27 32 34 26 3 5 12 5 7 10 13 14 16 0 5 0 12 25 19 20 5 5 31 0 25 6 19 5 35 8 20 31 5 23,0.48959459459459453,0.7606216216216216,0.2710270270270271,74,37.5,75.0
240,0 0 1 27 5 7 34 0 4 10 12 5 29 2 3 5 2 24 0 4 10 1 3 5 12 7 5 35 8 6 0 6 13 5 14 5 0 26 12 7 30 5 13 14 5 16 0 7 12 26 5 3 24 35 8 1 6 19 20 21 19 20 31 23,0.4895555555555555,0.7604603174603174,0.27090476190476187,63,32.0,64.0
241,0 8 17 12 5 18 5 0 1 3 24 6 8 5 5 10 12 5 0 6 5 10 5 0 4 7 5 10 5 27 12 5 35 6 8 1 3 5 0 6 4 11 26 5 7 10 1 5 3 5 0 8 5 3 24 29 13 5 14 16 0 12 26 6 35 8 4 0 10 3 1 19 20 22 23,0.47489189189189196,0.7457432432432433,0.2708513513513513,74,37.5,75.0
242,0 12 9 10 5 4 7 26 24 3 35 8 1 6 13 14 16 0 24 0 27 1 5 5 12 7 10 5 0 12 5 4 17 26 5 0 5 10 1 19 5 20 22 23,0.5028139534883721,0.7736511627906978,0.2708372093023257,43,22.0,44.0
243,0 5 4 26 5 0 3 27 5 34 5 0 8 5 1 3 0 3 26 5 5 10 4 1 0 5 0 10 3 5 7 6 0 3 35 6 10 5 35 8 12 13 7 14 13 14 5 5 5 15 16 0 11 12 5 3 7 10 24 1 4 19 20 21 19 20 22 23,0.539865671641791,0.8106716417910448,0.2708059701492538,67,34.0,68.0
244,0 7 3 24 30 35 6 29 0 1 25 10 33 4 11 12 13 14 16 0 5 24 7 10 5 0 3 5 10 12 0 8 1 5 19 3 20 22 5 23,0.5763589743589744,0.8464358974358975,0.2700769230769231,39,20.0,40.0
245,0 7 5 0 5 35 6 27 4 34 5 0 1 3 10 5 2 24 13 14 5 15 0 5 12 7 0 7 5 5 3 8 4 26 13 14 5 15 16 0 10 19 20 31 19 20 31 23,0.4034468085106383,0.6734042553191489,0.26995744680851064,47,24.0,48.0
246,0 25 10 0 7 12 0 6 26 25 4 3 24 1 13 14 5 13 14 16 0 4 7 10 5 0 3 19 20 21 19 20 31 23,0.40003030303030307,0.6699090909090909,0.26987878787878783,33,17.0,34.0
247,0 33 7 5 25 5 10 12 3 24 5 0 27 5 5 1 9 7 10 12 13 14 15 0 33 5 8 0 10 6 5 4 8 17 18 13 5 14 5 16 0 10 0 5 17 5 25 27 28 19 20 31 0 8 5 3 12 5 7 30 29 19 20 31 5 23,0.4544,0.7240307692307691,0.2696307692307691,65,33.0,66.0
248,0 3 27 34 5 5 8 35 6 5 28 25 12 7 0 11 5 0 24 33 5 1 2 3 12 5 7 10 0 30 5 33 11 5 5 7 9 10 12 13 14 13 14 5 0 17 8 4 5 5 30 26 5 1 12 2 3 24 13 5 14 15 16 0 25 8 6 5 4 7 10 19 20 22 19 20 31 19 20 31 23,0.44978749999999995,0.7183375,0.26855,80,40.5,81.0
249,0 1 26 8 4 5 0 33 7 9 10 13 14 13 14 15 16 0 29 6 8 19 20 22 19 20 31 23,0.523962962962963,0.7923703703703703,0.2684074074074073,27,14.0,28.0
250,0 0 8 5 0 3 8 4 1 5 26 7 10 6 13 14 15 13 14 15 16 0 25 5 27 0 17 19 20 5 31 5 0 5 24 5 19 20 22 23,0.5641538461538461,0.8323589743589744,0.2682051282051283,39,20.0,40.0
251,0 6 1 2 3 34 27 26 5 12 4 2 24 7 10 8 13 14 13 14 15 16 0 7 12 10 33 1 11 19 20 5 21 19 20 21 23,0.5328611111111111,0.8005,0.26763888888888887,36,18.5,37.0
252,0 4 5 5 27 30 32 34 1 3 0 5 6 2 3 26 4 0 4 12 7 17 5 5 6 18 0 5 12 10 0 5 1 4 3 2 24 0 5 7 1 35 8 5 3 13 24 14 13 14 5 16 0 7 33 6 11 3 2 24 1 26 5 19 4 20 21 19 20 22 23,0.5292857142857142,0.7963714285714286,0.26708571428571437,70,35.5,71.0
253,0 27 4 12 5 7 5 0 17 5 24 3 1 5 0 7 32 34 5 27 5 13 14 0 5 27 24 10 12 5 7 11 33 3 0 1 12 4 5 3 5 26 5 0 1 33 11 6 8 13 14 5 5 16 0 11 1 5 3 33 27 5 34 29 30 5 0 27 5 33 0 5 7 17 28 5 18 19 5 20 22 19 20 21 23,0.4328095238095238,0.6994642857142858,0.26665476190476195,84,42.5,85.0
254,0 10 5 7 1 4 5 3 5 0 25 5 0 10 5 12 17 9 7 8 5 35 6 30 29 0 4 0 10 35 6 5 11 35 8 5 32 33 0 5 17 27 7 34 8 6 12 26 5 5 5 13 14 15 16 0 5 5 3 4 26 7 10 5 0 27 5 17 18 5 0 5 6 19 20 5 21 23,0.4886623376623377,0.7551948051948052,0.2665324675324675,77,39.0,78.0
255,0 0 29 5 1 35 6 35 8 10 5 12 5 0 12 5 3 24 0 8 7 12 5 10 5 0 29 5 8 6 7 1 10 2 3 5 27 5 5 4 34 13 14 0 6 5 4 7 26 3 24 5 5 13 14 16 0 12 11 26 4 19 20 22 0 8 30 29 12 7 11 19 20 21 23,0.48062162162162164,0.7470135135135134,0.2663918918918918,74,37.5,75.0
256,0 6 12 4 0 3 7 10 12 1 13 14 16 0 10 35 6 1 5 26 2 3 8 24 19 20 31 23,0.509,0.7753333333333333,0.2663333333333333,27,14.0,28.0
257,0 4 5 25 1 7 28 10 6 26 8 3 12 13 14 13 14 13 14 16 0 5 0 5 17 19 20 31 5 0 27 0 12 11 19 33 20 5 22 5 19 20 5 22 23,0.5338863636363637,0.8001818181818181,0.26629545454545445,44,22.5,45.0
258,0 1 4 10 5 12 0 4 12 5 7 26 5 0 10 5 7 0 4 17 5 18 5 0 10 3 25 5 24 5 13 14 5 0 3 5 13 14 15 5 16 0 7 5 0 8 5 5 4 27 26 19 20 31 0 5 5 1 33 4 19 26 20 22 23,0.461375,0.727265625,0.26589062500000005,64,32.5,65.0
259,0 6 30 5 29 0 27 5 35 6 0 26 0 7 5 5 1 3 12 30 29 13 14 0 4 5 0 34 27 10 1 5 2 3 8 6 12 13 5 7 5 5 14 15 5 0 26 11 5 33 6 8 12 5 7 3 24 13 14 5 15 5 16 0 19 5 20 21 0 25 5 4 26 5 0 5 3 5 7 27 10 19 20 22 0 19 20 31 5 23,0.44142696629213485,0.7070674157303372,0.2656404494382023,89,45.0,90.0
260,0 29 5 0 7 0 17 4 7 5 26 5 0 7 0 6 0 11 5 0 1 13 5 14 16 0 17 6 11 8 0 7 19 20 31 23,0.302,0.5675714285714285,0.2655714285714285,35,18.0,36.0
261,0 4 1 6 3 24 0 7 4 26 5 3 2 24 1 12 13 14 13 14 16 0 29 0 5 10 35 6 8 5 0 5 0 5 27 4 5 26 1 5 19 3 20 24 21 19 5 20 31 23,0.44773469387755105,0.7129183673469388,0.26518367346938776,49,25.0,50.0
262,0 10 17 35 6 5 18 5 8 0 12 35 8 1 5 35 6 5 4 26 5 0 12 5 10 35 6 9 7 5 35 8 0 6 2 3 5 24 5 0 12 1 33 3 13 5 14 15 13 14 5 5 16 0 8 3 5 24 25 28 5 17 5 18 33 11 5 0 27 0 5 33 19 20 31 0 3 24 8 19 5 5 35 6 20 22 23,0.3889883720930233,0.6538953488372093,0.26490697674418606,86,43.5,87.0
263,0 4 7 10 28 8 26 3 5 1 6 13 14 0 25 12 1 7 3 9 10 13 14 15 16 0 26 12 19 7 5 20 10 21 19 20 22 23,0.5257837837837838,0.7905945945945946,0.2648108108108108,37,19.0,38.0
264,0 6 1 4 7 9 10 26 12 24 35 8 5 3 13 14 16 0 12 1 3 8 35 6 0 7 25 19 28 20 22 23,0.5107096774193549,0.7751935483870968,0.26448387096774184,31,16.0,32.0
265,0 1 5 6 8 0 27 0 12 25 5 28 7 10 4 5 26 0 5 8 12 7 0 3 12 5 7 0 11 5 5 13 14 13 14 16 0 3 6 10 8 12 7 30 19 5 29 20 22 19 20 21 23,0.48967307692307693,0.7519230769230769,0.26225,52,26.5,53.0
266,0 5 3 12 8 10 1 7 26 6 4 13 14 16 0 12 10 2 3 4 24 19 20 22 23,0.295,0.5569583333333333,0.26195833333333335,24,12.5,25.0
267,0 7 9 10 1 4 12 25 26 28 3 5 24 17 8 18 13 14 13 14 16 0 3 24 1 25 28 7 10 12 8 5 4 19 20 22 19 20 21 23,0.5665128205128206,0.8272820512820513,0.26076923076923075,39,20.0,40.0
268,0 30 33 25 26 5 28 11 12 8 9 7 10 3 0 7 12 6 8 1 13 3 24 14 16 0 25 30 29 10 5 7 2 3 24 6 12 11 33 19 20 21 23,0.4413809523809524,0.7019523809523809,0.2605714285714285,42,21.5,43.0
269,0 12 29 5 30 0 7 27 1 5 34 5 0 4 5 30 6 8 5 0 5 5 3 8 12 6 17 18 13 5 14 16 0 5 0 5 4 7 10 5 0 5 17 6 8 0 19 20 21 5 23,0.48101999999999995,0.74058,0.25956000000000007,50,25.5,51.0
270,0 26 4 12 11 33 35 8 5 1 10 7 13 14 13 14 13 14 15 16 0 5 25 12 19 7 20 10 21 19 20 31 19 20 31 23,0.4806571428571429,0.7388,0.2581428571428571,35,18.0,36.0
271,0 33 5 0 7 4 5 6 26 0 3 0 4 3 7 24 5 26 17 5 28 18 5 0 5 5 26 35 6 35 8 1 9 10 5 5 3 12 13 7 14 13 14 13 14 16 0 1 3 30 24 8 6 0 11 35 6 12 8 10 19 20 31 19 20 21 19 5 20 21 23,0.5343428571428572,0.7921857142857144,0.25784285714285715,70,35.5,71.0
272,0 6 0 4 5 3 0 5 12 1 3 5 0 5 32 33 28 25 12 0 3 33 5 17 5 11 26 4 6 8 0 10 27 7 5 5 8 35 6 13 14 15 5 0 7 5 1 3 13 14 5 13 14 16 0 12 19 20 31 0 10 6 19 8 20 21 19 20 21 23,0.5453623188405797,0.8027101449275362,0.2573478260869565,69,35.0,70.0
273,0 7 5 27 34 5 0 7 3 5 24 0 5 35 6 35 8 33 11 5 0 5 5 10 5 17 6 12 1 5 9 7 4 8 13 14 13 14 15 13 14 15 5 16 0 5 4 12 1 7 0 10 27 5 34 0 1 4 19 5 20 5 22 0 17 19 20 22 19 5 20 21 5 23,0.4655890410958904,0.7220958904109589,0.2565068493150685,73,37.0,74.0
274,0 6 5 0 6 5 0 12 5 7 10 1 5 3 5 0 17 5 27 13 34 14 15 5 16 0 4 1 3 0 12 19 20 21 23,0.3758529411764706,0.6313529411764707,0.25550000000000006,34,17.5,35.0
275,0 25 1 7 4 2 3 6 24 12 10 13 14 13 14 5 13 14 16 0 8 4 6 1 9 7 3 19 24 20 22 19 20 22 5 19 20 21 23,0.5660526315789474,0.8212368421052632,0.2551842105263158,38,19.5,39.0
276,0 7 3 5 24 1 30 29 35 8 4 35 6 10 13 14 16 0 33 4 6 26 19 20 31 23,0.29772000000000004,0.55264,0.25492,25,13.0,26.0
277,0 5 5 17 35 6 8 1 25 12 7 5 0 5 35 8 5 1 12 3 25 24 5 0 4 6 10 5 5 8 12 7 0 5 11 9 7 3 10 13 12 14 5 16 0 7 26 4 6 5 8 3 19 24 20 31 23,0.4241428571428571,0.6790178571428571,0.254875,56,28.5,57.0
278,0 3 4 26 6 12 8 1 0 7 8 13 14 15 13 14 15 16 0 6 0 4 1 7 3 9 10 12 19 20 31 5 19 20 21 23,0.6217142857142858,0.8764,0.2546857142857142,35,18.0,36.0
279,0 17 5 0 25 5 12 5 7 26 4 5 0 25 28 5 7 10 0 7 5 4 26 5 0 10 1 26 5 3 5 13 24 14 0 3 6 35 8 5 27 26 5 34 5 0 6 5 25 4 3 26 5 13 14 5 13 14 16 0 8 17 5 5 35 6 18 19 20 22 19 20 5 31 5 0 25 5 27 7 10 5 0 8 5 12 1 3 7 5 19 20 5 31 23,0.3780531914893617,0.6325425531914894,0.25448936170212777,94,47.5,95.0
280,0 12 5 0 26 11 5 33 0 3 1 4 5 12 5 26 0 4 5 0 1 5 5 8 12 6 17 5 0 27 5 11 33 12 7 13 5 14 13 5 14 16 0 8 7 10 24 12 0 1 30 5 29 4 26 19 20 21 19 20 21 23,0.5508852459016393,0.8049672131147542,0.2540819672131148,61,31.0,62.0
281,0 30 5 0 17 5 0 30 5 7 0 6 5 0 7 5 3 0 27 5 4 26 25 6 12 5 8 5 0 7 1 4 10 26 5 13 14 5 13 14 5 13 14 5 16 0 19 20 5 21 0 5 17 10 5 0 26 7 10 5 5 1 19 20 22 19 20 5 21 23,0.5158695652173912,0.7677391304347827,0.25186956521739146,69,35.0,70.0
282,0 1 4 6 3 8 7 25 10 12 5 28 13 14 16 0 4 0 28 7 2 3 10 12 1 19 20 22 23,0.5043928571428571,0.75625,0.2518571428571429,28,14.5,29.0
283,0 0 12 5 25 3 24 5 0 3 7 1 10 13 5 5 12 14 15 0 27 26 4 5 17 5 18 5 9 7 8 10 5 30 29 12 13 14 16 0 25 12 1 3 19 20 22 0 28 4 26 30 19 29 20 22 23,0.5320892857142857,0.7830357142857143,0.25094642857142857,56,28.5,57.0
284,0 1 29 5 30 0 26 10 5 5 8 4 6 25 28 5 0 5 27 5 6 10 35 8 17 18 0 8 7 3 10 5 12 13 5 14 13 5 14 15 5 13 14 16 0 30 8 19 20 31 19 20 22 0 12 19 20 21 23,0.49539655172413793,0.7463103448275862,0.25091379310344825,58,29.5,59.0
285,0 6 7 10 26 4 0 3 12 0 8 1 3 12 26 7 35 6 10 13 14 13 5 14 16 0 3 7 6 8 4 10 26 29 30 5 19 20 22 19 20 21 23,0.6212619047619048,0.8720714285714286,0.2508095238095238,42,21.5,43.0
286,0 1 4 26 6 35 8 0 3 7 10 12 25 5 6 8 13 14 13 14 15 16 0 4 2 3 5 5 24 19 20 22 5 0 5 7 4 0 5 7 10 19 5 20 22 23,0.5481555555555556,0.7987555555555557,0.25060000000000004,45,23.0,46.0
287,0 6 26 4 0 10 1 7 11 5 33 3 4 24 25 28 13 14 15 13 14 15 16 0 3 5 4 26 2 24 7 19 10 20 12 22 19 20 21 23,0.6145384615384615,0.8643076923076922,0.24976923076923074,39,20.0,40.0
288,0 7 5 0 5 7 25 30 29 5 0 1 5 28 5 25 7 10 0 7 5 2 3 24 1 17 28 25 9 10 13 5 5 12 14 5 0 8 5 4 26 5 30 5 12 29 13 14 13 14 16 0 4 12 3 33 2 24 8 35 6 7 10 19 20 22 19 20 31 19 5 20 21 23,0.4657671232876712,0.7152328767123288,0.2494657534246576,73,37.0,74.0
289,0 0 17 5 27 34 5 0 7 35 6 30 5 8 0 12 3 5 27 5 2 24 29 30 5 0 4 1 5 3 0 6 10 5 12 5 13 14 16 0 4 1 3 0 25 4 3 26 29 30 19 20 21 23,0.4705471698113208,0.7190188679245283,0.24847169811320752,53,27.0,54.0
290,0 6 7 5 12 0 12 0 1 7 13 10 5 5 14 12 0 5 12 4 7 9 10 5 0 5 3 10 5 17 12 1 5 4 7 26 13 14 0 1 5 8 26 5 6 12 7 5 0 4 5 12 13 7 5 14 16 0 8 0 19 5 20 22 0 4 19 5 20 31 0 3 5 8 27 1 5 34 19 5 20 22 23,0.44340243902439025,0.6893780487804878,0.24597560975609756,82,41.5,83.0
291,0 8 5 0 5 3 7 1 10 13 5 12 14 0 8 5 25 17 10 18 5 29 30 35 6 0 5 5 6 10 12 27 7 33 11 13 5 14 15 13 14 5 16 0 24 4 26 19 20 22 19 20 31 0 10 7 26 4 8 6 19 20 21 23,0.47320634920634924,0.719031746031746,0.24582539682539678,63,32.0,64.0
292,0 28 0 5 7 4 17 26 5 0 5 25 7 27 5 10 12 0 6 5 12 7 5 26 4 5 0 6 5 10 12 25 5 28 27 34 5 0 12 5 0 1 26 3 5 5 4 13 14 15 16 0 28 7 10 4 11 26 19 20 21 23,0.44345901639344265,0.6891311475409836,0.24567213114754094,61,31.0,62.0
293,0 12 6 5 4 8 5 0 27 17 5 29 5 18 1 3 5 0 5 8 3 5 0 7 1 3 4 5 26 13 14 5 16 0 7 12 5 17 5 0 5 10 35 6 8 12 5 0 4 3 24 19 20 5 21 5 23,0.5044285714285714,0.7485714285714286,0.2441428571428571,56,28.5,57.0
294,0 7 30 29 8 6 9 10 12 0 4 7 5 1 35 6 25 8 13 14 15 13 14 16 0 1 3 5 2 24 27 8 5 6 5 0 1 5 2 3 5 0 17 10 3 12 19 7 20 5 31 19 5 5 5 20 22 23,0.5021578947368421,0.7461929824561404,0.24403508771929827,57,29.0,58.0
295,0 10 26 5 5 1 3 27 0 12 6 5 8 5 0 8 5 26 10 5 4 11 3 24 5 0 25 17 18 2 3 24 1 7 5 5 5 5 26 10 13 14 16 0 30 0 12 19 20 31 23,0.41340000000000005,0.6570999999999999,0.24369999999999986,50,25.5,51.0
296,0 7 0 11 0 5 1 8 6 0 10 5 6 8 0 11 25 5 10 28 8 26 5 4 5 0 3 17 7 18 12 13 5 14 13 14 5 5 15 5 0 4 5 1 3 10 27 12 5 7 13 14 5 15 16 0 7 3 24 0 29 12 7 19 20 21 19 20 22 19 20 22 5 23,0.4817945205479452,0.7242876712328766,0.24249315068493144,73,37.0,74.0
297,0 6 5 34 27 5 0 25 30 12 26 7 17 5 10 24 5 1 5 3 0 5 11 27 4 32 34 26 5 1 3 0 5 12 1 2 3 5 4 26 6 0 5 10 26 8 5 4 7 13 5 14 13 14 16 0 33 7 28 10 12 0 33 25 1 28 5 10 19 12 7 20 21 19 20 31 23,0.47602631578947363,0.7165394736842106,0.24051315789473693,76,38.5,77.0
298,0 11 27 34 5 12 5 7 0 5 35 6 17 18 5 0 33 0 10 12 5 27 7 34 25 5 28 35 8 5 1 13 3 5 24 14 16 0 11 35 8 6 0 4 10 12 34 7 19 20 31 23,0.4001176470588235,0.6405490196078432,0.24043137254901964,51,26.0,52.0
299,0 33 26 4 5 17 3 18 5 29 30 0 11 27 5 5 34 3 2 24 0 3 1 5 28 25 5 0 5 0 6 3 5 29 2 24 5 25 28 5 0 5 28 6 8 5 24 3 11 33 5 0 10 4 12 7 13 14 5 13 14 5 13 5 14 16 0 10 6 4 8 19 20 22 0 6 8 5 30 29 19 20 22 19 20 31 23,0.4603139534883721,0.6997209302325582,0.2394069767441861,86,43.5,87.0
300,0 5 1 30 29 0 3 5 25 5 0 5 29 35 6 26 8 0 27 5 7 6 10 12 5 30 29 0 5 26 12 4 5 7 3 10 13 14 5 15 0 11 26 4 1 13 5 3 5 14 13 14 15 5 16 0 3 7 25 19 20 22 0 10 5 1 19 3 20 24 22 19 20 21 23,0.4672972972972973,0.7044594594594595,0.23716216216216224,74,37.5,75.0
301,0 17 5 5 6 8 3 33 24 5 0 8 0 1 0 5 18 1 7 0 5 10 26 4 5 32 33 7 5 11 13 14 15 5 0 5 7 5 5 35 6 26 1 3 27 8 4 10 13 14 5 13 14 16 0 8 10 6 12 18 19 17 5 20 22 19 20 22 0 19 20 22 23,0.5118194444444444,0.7486111111111111,0.23679166666666673,72,36.5,73.0
302,0 12 0 5 0 5 6 33 5 7 27 10 12 4 5 0 3 5 12 5 26 10 30 1 13 14 5 16 0 1 30 12 29 35 6 10 7 5 19 20 22 23,0.4032439024390244,0.64,0.2367560975609756,41,21.0,42.0
303,0 12 25 5 28 5 0 0 27 5 17 7 10 5 0 11 35 6 25 5 28 5 0 4 8 5 5 25 1 28 2 3 5 11 24 12 13 5 7 14 5 0 11 5 1 13 5 14 13 14 16 0 5 17 7 10 5 0 0 5 25 19 20 21 19 5 20 31 5 0 4 5 27 19 5 34 20 21 23,0.4705384615384615,0.707076923076923,0.23653846153846153,78,39.5,79.0
304,0 10 4 7 26 0 1 4 24 33 3 6 26 8 0 12 25 28 35 8 6 4 26 32 34 10 27 7 1 3 5 13 14 15 13 14 13 14 15 16 0 19 20 31 5 0 1 7 12 10 5 3 19 20 22 19 20 22 23,0.562896551724138,0.7992758620689655,0.2363793103448275,58,29.5,59.0
305,0 4 5 1 27 2 3 0 4 5 9 7 3 10 13 12 5 14 15 5 0 7 13 5 14 0 7 1 3 5 6 5 24 0 10 5 12 5 7 25 4 28 5 0 5 6 5 7 10 1 3 13 14 16 0 5 7 5 28 25 27 34 0 7 3 24 19 20 5 31 19 5 5 20 21 0 5 8 5 1 3 4 26 12 19 20 5 22 23,0.4324090909090909,0.6687500000000001,0.23634090909090916,88,44.5,89.0
306,0 8 3 24 33 4 11 9 7 10 1 29 6 25 12 13 5 14 15 16 0 0 1 5 17 18 4 12 5 9 7 5 0 27 5 5 4 26 6 8 11 0 12 5 19 5 20 22 23,0.4998958333333334,0.7358750000000001,0.23597916666666668,48,24.5,49.0
307,0 24 1 4 3 8 0 26 29 30 11 33 4 10 12 0 33 7 10 12 35 6 35 8 13 14 13 5 14 16 0 7 12 10 19 20 31 0 1 19 20 21 23,0.46959523809523807,0.7055238095238096,0.2359285714285715,42,21.5,43.0
308,0 5 12 10 0 5 5 3 9 10 12 8 35 6 5 0 12 8 5 35 6 0 25 7 27 10 12 6 5 35 8 5 3 0 1 4 7 26 9 10 17 18 5 5 6 35 8 13 5 14 5 13 14 16 0 4 30 29 25 28 10 12 0 8 5 7 1 10 12 18 17 25 6 28 19 20 22 19 20 22 23,0.4479,0.6832,0.2353,80,40.5,81.0
309,0 5 6 1 0 5 1 25 4 26 0 5 25 3 7 24 5 0 5 4 25 28 0 5 3 35 6 10 35 8 5 12 5 29 9 7 13 14 15 5 0 5 6 10 1 12 5 7 8 5 13 14 16 0 5 17 29 30 4 3 10 5 5 19 12 20 7 22 5 0 1 0 5 19 20 21 23,0.48647368421052634,0.7215657894736842,0.23509210526315788,76,38.5,77.0
310,0 11 24 5 1 2 3 6 25 26 28 7 12 10 35 8 13 14 15 13 14 15 16 0 1 25 19 20 22 0 3 26 4 19 20 22 23,0.6041666666666666,0.8382499999999999,0.2340833333333333,36,18.5,37.0
311,0 0 5 4 26 27 34 5 8 33 6 0 11 25 5 7 10 26 5 4 8 6 5 2 3 17 18 5 0 5 28 6 5 12 7 1 3 25 8 5 0 3 5 7 26 1 4 5 8 6 0 4 5 10 28 25 12 5 7 13 14 5 16 0 5 1 3 24 5 0 3 5 0 5 1 7 10 5 0 5 17 30 29 12 7 19 5 20 5 21 23,0.4832111111111111,0.7165555555555555,0.2333444444444444,90,45.5,91.0
312,0 1 0 4 5 1 5 0 3 8 6 5 5 27 1 34 5 0 6 0 1 17 5 9 10 12 5 0 4 5 35 8 12 7 1 25 28 35 6 5 13 5 14 0 5 35 6 7 13 10 12 14 5 16 0 17 12 5 7 24 5 3 10 0 1 5 8 19 35 6 5 20 21 0 5 26 5 7 27 9 10 12 0 1 9 7 10 12 19 5 20 22 5 23,0.3588709677419355,0.5918387096774194,0.23296774193548386,93,47.0,94.0
313,0 5 0 8 17 5 10 18 5 6 5 0 5 7 26 1 4 6 8 30 5 29 0 25 10 5 4 5 12 1 7 5 8 30 6 27 0 3 5 6 5 1 8 12 13 5 7 10 14 16 0 1 12 7 0 4 19 20 22 23,0.43491525423728816,0.6667627118644067,0.23184745762711856,59,30.0,60.0
314,0 7 5 3 24 0 8 5 0 7 5 0 25 9 7 8 10 5 5 12 0 17 5 12 27 7 5 10 0 4 5 5 35 8 1 6 13 14 5 0 4 7 3 24 26 5 33 5 11 10 5 12 13 14 13 5 14 15 16 0 19 5 20 21 5 0 30 26 4 5 27 12 5 34 24 2 3 0 26 17 18 9 7 10 19 20 5 31 19 5 20 5 5 21 23,0.3642446808510638,0.5942553191489361,0.23001063829787233,94,47.5,95.0
315,0 10 5 27 0 17 4 5 3 26 5 10 5 0 5 4 10 5 1 12 7 5 0 4 1 12 5 3 5 24 5 0 12 5 0 10 7 25 11 33 1 5 4 3 12 24 5 5 5 13 14 0 5 8 9 7 5 9 10 6 13 14 16 0 3 12 19 7 20 10 22 5 0 24 6 35 8 10 19 20 22 23,0.46996296296296297,0.6998271604938272,0.22986419753086423,81,41.0,82.0
316,0 5 0 10 12 7 5 25 5 6 0 3 7 28 10 5 5 12 5 0 8 0 30 5 12 5 7 27 34 0 5 17 10 12 6 5 1 5 8 13 5 14 13 14 13 14 16 0 1 25 2 24 3 19 20 21 19 20 22 19 5 20 21 23,0.5102539682539683,0.7385396825396825,0.2282857142857142,63,32.0,64.0
317,0 10 4 8 35 6 1 3 12 7 0 7 35 6 3 8 1 26 4 13 14 16 0 12 6 5 8 9 7 4 1 19 2 3 24 20 21 23,0.5124864864864864,0.7395675675675676,0.22708108108108116,37,19.0,38.0
318,0 10 0 8 25 33 28 1 7 12 9 10 3 24 13 5 14 13 14 13 14 16 0 8 1 3 19 20 22 0 12 6 19 20 21 19 20 22 23,0.5815,0.8076315789473685,0.22613157894736846,38,19.5,39.0
319,0 5 5 27 17 18 6 8 5 0 25 17 6 5 18 4 26 5 12 5 1 7 10 5 0 7 10 25 12 8 6 5 5 13 14 0 7 25 35 8 5 5 28 13 14 5 0 5 12 1 3 0 12 2 3 5 5 24 13 14 16 0 10 12 19 20 31 0 3 28 7 25 4 26 19 20 5 22 19 20 31 23,0.4594691358024691,0.6825802469135802,0.2231111111111111,81,41.0,82.0
320,0 17 5 25 28 0 25 8 5 6 0 8 5 7 5 10 26 4 12 5 0 5 4 3 5 0 7 1 5 10 13 5 12 14 16 0 7 30 29 5 0 25 33 1 3 19 20 22 23,0.43427083333333333,0.6538541666666667,0.2195833333333334,48,24.5,49.0
321,0 30 4 7 26 1 10 2 3 24 33 11 0 29 7 9 10 24 8 3 0 7 29 3 30 12 13 14 16 0 5 6 12 5 0 29 0 3 5 6 8 0 11 19 5 5 20 22 23,0.5783125,0.7940416666666666,0.21572916666666664,48,24.5,49.0
322,0 3 26 4 0 25 12 6 8 4 26 10 0 7 1 3 4 26 13 14 13 14 16 0 3 5 11 5 33 19 20 22 0 5 3 10 7 12 5 0 8 5 27 6 5 0 5 5 6 1 2 3 10 12 17 19 5 18 20 22 23,0.4349,0.64955,0.21464999999999995,60,30.5,61.0
323,0 8 5 3 5 0 5 24 10 12 5 0 6 10 12 7 5 5 35 8 5 0 10 35 8 5 6 0 7 4 5 26 0 7 5 28 25 5 1 13 3 5 24 14 13 14 16 0 8 5 26 4 5 0 30 5 6 8 0 5 5 1 9 10 12 17 27 18 5 19 20 22 19 20 21 5 23,0.469171052631579,0.6838026315789474,0.2146315789473684,76,38.5,77.0
324,0 24 9 10 1 12 5 4 5 7 5 0 12 2 3 5 24 0 5 10 27 34 0 7 29 10 5 5 12 30 5 0 5 4 5 1 3 12 7 0 5 17 3 24 13 5 14 5 0 5 5 8 3 10 13 12 7 14 16 0 6 26 7 1 3 8 4 10 25 12 28 19 20 22 5 19 20 22 23,0.5011666666666666,0.7101794871794872,0.20901282051282055,78,39.5,79.0
325,0 12 5 27 34 5 0 5 8 25 10 28 0 10 5 8 6 0 17 5 26 5 10 1 12 7 0 3 12 7 5 5 35 6 8 0 5 1 10 7 12 4 5 13 14 15 0 27 12 13 5 14 5 16 0 8 0 1 6 5 8 26 12 7 19 20 31 19 20 22 23,0.4716,0.6791428571428572,0.20754285714285714,70,35.5,71.0
326,0 7 5 0 33 7 5 17 18 10 5 12 0 5 25 3 2 24 35 6 5 4 8 5 0 5 4 7 5 0 5 10 8 26 6 5 1 33 3 11 13 14 15 13 5 14 5 15 0 5 33 1 6 8 5 0 5 30 5 27 13 14 16 0 5 0 0 10 5 5 29 8 30 5 19 5 20 31 19 20 22 19 20 31 23,0.4786547619047619,0.6821904761904762,0.20353571428571432,84,42.5,85.0
327,0 7 9 10 5 5 2 3 12 6 8 5 0 28 0 5 27 17 29 18 7 5 10 1 5 0 5 1 5 8 3 25 24 4 26 35 6 5 13 14 15 0 10 2 3 8 5 35 6 5 5 4 30 13 29 14 16 0 12 5 0 5 4 6 8 5 0 0 19 20 22 5 19 20 22 5 23,0.5235131578947368,0.7234999999999999,0.19998684210526307,76,38.5,77.0
328,0 12 0 4 5 0 10 5 0 12 5 0 5 3 12 8 5 35 6 7 10 5 0 26 6 27 5 35 8 3 5 24 4 12 5 7 0 25 4 7 26 5 11 33 12 5 8 6 1 3 17 5 13 18 14 5 5 13 14 16 0 3 8 6 5 11 28 33 19 20 21 19 20 22 23,0.5126216216216216,0.706972972972973,0.1943513513513514,74,37.5,75.0
329,0 5 0 4 17 5 18 0 1 5 0 5 12 4 1 26 0 33 5 0 27 7 5 10 13 5 14 13 14 16 0 33 4 5 3 26 19 20 21 19 20 21 23,0.5450952380952381,0.7387142857142857,0.19361904761904758,42,21.5,43.0
330,0 4 35 6 5 8 5 0 17 26 10 5 12 5 0 5 5 1 25 7 28 4 26 5 0 5 27 4 5 3 26 10 12 5 0 4 5 5 12 7 10 13 14 0 25 10 8 12 7 5 6 13 5 14 5 16 0 27 5 4 5 0 25 19 20 5 21 5 0 17 5 7 5 0 5 8 19 20 22 5 23,0.45366249999999997,0.6440875,0.19042500000000007,80,40.5,81.0
331,0 5 12 4 26 5 0 17 5 0 5 12 8 5 27 6 1 3 0 5 7 6 35 8 5 0 7 1 5 3 5 5 27 25 34 13 14 13 14 16 0 25 35 8 3 6 5 4 26 33 7 11 19 20 22 19 20 22 23,0.5870172413793103,0.7715862068965518,0.18456896551724145,58,29.5,59.0
332,0 5 35 8 3 24 0 6 5 8 0 11 7 5 27 5 10 34 2 24 3 0 4 1 12 5 3 25 5 28 6 5 10 8 7 13 14 5 16 0 6 0 7 1 28 25 19 20 22 23,0.4477142857142857,0.6311020408163265,0.1833877551020408,49,25.0,50.0
333,0 5 4 7 9 10 0 5 30 8 6 5 0 17 35 8 5 3 6 5 0 7 26 5 24 4 0 30 35 8 6 12 26 5 4 7 1 3 5 5 24 0 1 12 26 7 24 3 5 28 5 25 5 0 5 7 10 5 5 3 12 13 14 13 14 15 16 0 1 0 7 0 3 5 25 28 0 17 5 5 12 19 5 20 21 19 20 22 23,0.4953068181818182,0.6783863636363636,0.1830795454545454,88,44.5,89.0
334,0 4 6 8 10 7 0 12 10 1 3 35 8 7 6 13 14 5 13 14 16 0 29 12 19 20 22 0 4 10 12 19 20 22 23,0.49500000000000005,0.6768529411764707,0.1818529411764706,34,17.5,35.0
335,0 26 5 8 6 5 0 5 26 5 8 2 3 24 4 0 5 6 5 27 34 4 26 7 10 0 4 11 26 5 32 33 5 0 5 1 8 5 4 10 26 17 18 0 4 1 5 3 5 12 24 13 5 14 13 14 15 16 0 7 25 28 0 10 8 30 6 12 19 5 20 21 19 20 22 23,0.515,0.6915333333333333,0.17653333333333332,75,38.0,76.0
336,0 3 0 26 5 0 5 7 6 8 1 5 3 12 0 7 4 26 3 5 5 24 0 1 5 8 13 6 5 14 15 5 0 17 12 5 7 0 4 5 27 5 7 34 25 13 5 28 14 15 16 0 0 27 7 5 10 0 0 5 17 19 20 22 19 5 20 22 23,0.44988235294117646,0.6216323529411765,0.17175,68,34.5,69.0
337,0 30 11 25 33 6 12 8 0 1 7 10 8 33 6 26 13 14 16 0 12 19 20 31 23,0.2733333333333334,0.4450416666666667,0.17170833333333335,24,12.5,25.0
338,0 1 12 3 7 10 0 7 10 6 8 0 1 8 6 26 11 4 13 14 16 0 7 6 1 8 30 29 5 10 19 12 20 22 23,0.5399411764705883,0.7028235294117647,0.16288235294117648,34,17.5,35.0
339,0 28 1 2 3 27 5 5 34 12 7 0 10 0 5 1 8 25 6 5 0 8 10 17 5 12 0 10 4 26 5 1 3 5 5 28 25 7 13 14 16 0 3 0 10 26 4 19 20 22 23,0.35806,0.49664,0.13858000000000004,50,25.5,51.0
